number,batch_size,corr_thresh,float_precision,limit_train_batches,log_every_n_steps,lstm_layers,max_epochs,max_prediction_length,n_splits,name,pct,reduce_on_plateau_patience,scaling_method,target,train_test_pct,val_MAPE,val_RMSE,attention_head_size,dropout,gradient_clip_val,hidden_continuous_size,hidden_size,learning_rate,duration,ckpt_path,max_encoder_length,max_study_epochs,max_train_epochs,train_loss,train_loss_epoch,train_loss_step,val_MAE,val_SMAPE,val_loss
106,16,0.25,medium,30,30,1,20.0,90,7,light,False,10,z-score,Last Price,0.75,0.0527580268681049,9.86040496826172,14.0,0.1039070964082682,0.5527986646929383,61.0,72.0,0.2675476748732467,0 days 00:03:40.176359,,,,,,,,,,
91,16,0.25,medium,30,30,1,20.0,90,7,light,False,10,z-score,Last Price,0.75,0.053015973418951,9.839557647705078,13.0,0.1208117203448922,0.7692483282271367,27.0,67.0,0.4215557510251328,0 days 00:20:02.722461,,,,,,,,,,
52,12,0.25,medium,30,30,2,20.0,90,7,longrun,False,10,,Last Price,0.75,0.0530867092311382,9.757224082946776,16.0,0.1377363157801088,0.4239097072959348,4.0,45.0,0.0750350083688721,0 days 00:03:30.437736,,,,,,,,,,
188,16,0.25,medium,30,30,1,20.0,90,7,light,False,10,z-score,Last Price,0.75,0.0536421872675418,10.301606178283691,10.0,0.1771107010644349,0.458889994649485,25.0,26.0,0.4883516173325608,0 days 00:03:37.706322,,,,,,,,,,
121,16,0.25,medium,30,30,1,20.0,90,7,light,False,10,z-score,Last Price,0.75,0.0536838173866272,10.251399993896484,14.0,0.1566074058783031,0.5604329839125037,73.0,93.0,0.1096045308531494,0 days 00:03:41.293154,,,,,,,,,,
157,16,0.25,medium,30,30,1,20.0,90,7,light,False,10,z-score,Last Price,0.75,0.0537221282720565,10.17553424835205,13.0,0.1532621211316452,0.4636811844511127,44.0,49.0,0.0784052760005235,0 days 00:03:39.074059,,,,,,,,,,
93,12,0.25,medium,30,30,2,20.0,90,7,longrun,False,10,,Last Price,0.75,0.0538311637938022,9.717655181884766,14.0,0.14763228807445,0.6069236951639394,4.0,43.0,0.0249495640085354,0 days 00:03:29.410838,,,,,,,,,,
117,16,0.25,medium,30,30,1,20.0,90,7,light,False,10,z-score,Last Price,0.75,0.0538596138358116,9.826751708984377,14.0,0.124832903088158,0.4927222327093985,6.0,6.0,0.399684972332295,0 days 00:03:15.717409,,,,,,,,,,
170,12,0.25,medium,30,30,2,20.0,90,7,longrun,False,10,z-score,Last Price,0.75,0.054234642535448,9.880953788757324,16.0,0.1141625722904456,0.120800311966201,2.0,12.0,0.0399355324572944,0 days 00:03:29.379257,,,,,,,,,,
17,12,0.25,medium,30,30,2,20.0,90,7,longrun,False,10,,Last Price,0.75,0.0547684244811534,10.582202911376951,16.0,0.1415989723426305,0.524816368148803,6.0,87.0,0.0569317049367426,0 days 00:03:31.243937,,,,,,,,,,
195,12,0.25,medium,30,30,2,20.0,90,7,longrun,False,10,z-score,Last Price,0.75,0.0549723431468009,10.595155715942385,13.0,0.1429129940455492,0.2537509133770387,14.0,32.0,0.010344243274952,0 days 00:03:33.198045,,,,,,,,,,
23,12,0.25,medium,30,30,2,20.0,90,7,longrun,False,10,,Last Price,0.75,0.0550442598760128,10.670123100280762,14.0,0.1455757344314823,0.2675803030876909,5.0,19.0,0.0210120368287805,0 days 00:03:29.292794,,,,,,,,,,
76,16,0.25,medium,30,30,1,20.0,90,7,light,False,10,z-score,Last Price,0.75,0.055506806820631,10.97300910949707,4.0,0.1288318741707572,0.3212988553156631,2.0,72.0,0.3399695837364809,0 days 00:03:35.749422,,,,,,,,,,
127,16,0.25,medium,30,30,1,20.0,90,7,light,False,10,z-score,Last Price,0.75,0.0561799779534339,10.076288223266602,14.0,0.1674886325955207,0.4798814728171651,78.0,91.0,0.0876805710451622,0 days 00:03:40.332885,,,,,,,,,,
44,12,0.25,medium,30,30,2,20.0,90,7,longrun,False,10,,Last Price,0.75,0.0573344863951206,11.173840522766112,14.0,0.1253129085399079,0.2966904928830921,7.0,50.0,0.0114765845512029,0 days 00:03:33.864224,,,,,,,,,,
139,16,0.25,medium,30,30,1,20.0,90,7,light,False,10,z-score,Last Price,0.75,0.0575628615915775,11.414702415466309,10.0,0.1671933821569507,0.8276747996915194,52.0,58.0,0.3501101029308557,0 days 00:03:39.437363,,,,,,,,,,
194,12,0.25,medium,30,30,2,20.0,90,7,longrun,False,10,z-score,Last Price,0.75,0.0576471537351608,11.399083137512209,13.0,0.1457107959930177,0.261417294549558,14.0,29.0,0.0092000529117031,0 days 00:03:32.720639,,,,,,,,,,
171,12,0.25,medium,30,30,2,20.0,90,7,longrun,False,10,z-score,Last Price,0.75,0.0580016337335109,10.148316383361816,16.0,0.1111603110729874,0.1147051136648488,2.0,14.0,0.0403552386635562,0 days 00:03:29.731154,,,,,,,,,,
20,16,0.25,medium,30,30,1,20.0,90,7,light,False,10,z-score,Last Price,0.75,0.0580172426998615,11.51388454437256,11.0,0.1586794123627989,0.5903189801070211,70.0,100.0,0.0309572936637267,0 days 00:03:41.485601,,,,,,,,,,
16,16,0.25,medium,30,30,1,20.0,90,7,light,False,10,z-score,Last Price,0.75,0.0583822391927242,10.255792617797852,11.0,0.1976994127934895,0.4682449846400814,8.0,85.0,0.2790905343696161,0 days 00:03:40.273841,,,,,,,,,,
140,16,0.25,medium,30,30,1,20.0,90,7,light,False,10,z-score,Last Price,0.75,0.0584082715213298,11.605277061462402,10.0,0.1196623940302083,0.7998717417831757,52.0,58.0,0.5636327327188392,0 days 00:03:38.082688,,,,,,,,,,
35,16,0.25,medium,30,30,1,20.0,90,7,light,False,10,z-score,Last Price,0.75,0.058420144021511,10.27260684967041,5.0,0.1770774033975631,0.3074213910572054,29.0,52.0,0.6140527565163034,0 days 00:03:38.334793,,,,,,,,,,
174,16,0.25,medium,30,30,1,20.0,90,7,light,False,10,z-score,Last Price,0.75,0.0584405735135078,11.593031883239746,14.0,0.1207613905000484,0.5920497225373742,10.0,10.0,0.0364345488521739,0 days 00:03:15.487765,,,,,,,,,,
165,16,0.25,medium,30,30,1,20.0,90,7,light,False,10,z-score,Last Price,0.75,0.0588764399290084,11.680455207824709,11.0,0.1298164488970029,0.5432120737948924,25.0,26.0,0.071669062332156,0 days 00:03:36.875438,,,,,,,,,,
33,12,0.25,medium,30,30,2,20.0,90,7,longrun,False,10,,Last Price,0.75,0.0592404901981353,10.368961334228516,14.0,0.2008332918804543,0.0331687465624984,7.0,18.0,0.0204131233639882,0 days 00:03:29.686258,,,,,,,,,,
155,16,0.25,medium,30,30,1,20.0,90,7,light,False,10,z-score,Last Price,0.75,0.0592412836849689,10.380736351013184,13.0,0.2018408603697003,0.6246441822249248,40.0,45.0,0.0610327609688357,0 days 00:03:39.485115,,,,,,,,,,
197,16,0.25,medium,30,30,1,20.0,90,7,light,False,10,z-score,Last Price,0.75,0.0598060712218284,11.894357681274414,11.0,0.1089958153992602,0.6865991563060039,52.0,57.0,0.0663686470887502,0 days 00:03:38.468125,,,,,,,,,,
120,16,0.25,medium,30,30,1,20.0,90,7,light,False,10,z-score,Last Price,0.75,0.059961948543787,10.431917190551758,14.0,0.1493376061654069,0.5486013665759557,87.0,100.0,0.0991492247659892,0 days 00:03:41.663340,,,,,,,,,,
95,16,0.25,medium,30,30,1,20.0,90,7,light,False,10,z-score,Last Price,0.75,0.06014284491539,10.44794464111328,15.0,0.1104558534289551,0.6115995682837928,43.0,51.0,0.3262788154161892,0 days 00:03:39.885888,,,,,,,,,,
63,16,0.25,medium,30,30,1,20.0,90,7,light,False,10,z-score,Last Price,0.75,0.0602125152945518,10.44956874847412,11.0,0.1118531328776634,0.9048735596036396,2.0,7.0,0.5185298718458007,0 days 00:03:32.925805,,,,,,,,,,
150,16,0.25,medium,30,30,1,20.0,90,7,light,False,10,z-score,Last Price,0.75,0.0604644231498241,10.496752738952637,10.0,0.1070050087295661,0.5991237250300471,54.0,61.0,0.057311129602034,0 days 00:03:38.916263,,,,,,,,,,
51,16,0.25,medium,30,30,1,20.0,90,7,light,False,10,z-score,Last Price,0.75,0.060755793005228,12.11724853515625,9.0,0.2035360363555114,0.7867731722934158,58.0,86.0,0.7039209778701372,0 days 00:03:40.572556,,,,,,,,,,
37,16,0.25,medium,30,30,1,20.0,90,7,light,False,10,z-score,Last Price,0.75,0.0607832893729209,10.511048316955566,5.0,0.1629675497767507,0.2712837222157135,74.0,75.0,0.2297776930230298,0 days 00:03:40.757114,,,,,,,,,,
33,16,0.25,medium,30,30,1,20.0,90,7,light,False,10,z-score,Last Price,0.75,0.0608760304749012,10.51624870300293,5.0,0.1599446946306457,0.3311988511630901,36.0,67.0,0.1681500803498573,0 days 00:03:40.783053,,,,,,,,,,
96,12,0.25,medium,30,30,2,20.0,90,7,longrun,False,10,,Last Price,0.75,0.06088487803936,10.61619758605957,12.0,0.1467167145774288,0.5366258431831494,6.0,47.0,0.0318695236278114,0 days 00:03:31.339073,,,,,,,,,,
10,16,0.25,medium,30,30,1,20.0,90,7,light,False,10,z-score,Last Price,0.75,0.0615691505372524,12.288875579833984,13.0,0.1065340906574284,0.9514380319797626,1.0,10.0,0.7914798065145351,0 days 00:03:31.099520,,,,,,,,,,
37,12,0.25,medium,30,30,2,20.0,90,7,longrun,False,10,,Last Price,0.75,0.0616484433412551,12.15136432647705,11.0,0.1491352313212852,0.4030126108118395,6.0,42.0,0.0115403739533881,0 days 00:03:30.148901,,,,,,,,,,
150,12,0.25,medium,30,30,2,20.0,90,7,longrun,False,10,z-score,Last Price,0.75,0.0629492923617363,12.583837509155272,14.0,0.2141484878858035,0.3378253821169675,75.0,75.0,0.1044985019352632,0 days 00:03:17.879027,,,,,,,,,,
192,16,0.25,medium,30,30,1,20.0,90,7,light,False,10,z-score,Last Price,0.75,0.0632594525814056,12.638636589050291,10.0,0.1652997433884238,0.479361825096457,11.0,11.0,0.0431823509327213,0 days 00:03:14.968148,,,,,,,,,,
68,12,0.25,medium,30,30,2,20.0,90,7,longrun,False,10,,Last Price,0.75,0.0642537027597427,10.9230375289917,10.0,0.1088578305671632,0.2683195906306955,7.0,71.0,0.0490455527820775,0 days 00:03:31.515777,,,,,,,,,,
171,16,0.25,medium,30,30,1,20.0,90,7,light,False,10,z-score,Last Price,0.75,0.0652322545647621,11.009013175964355,11.0,0.1103863771593593,0.6059871293031063,67.0,73.0,0.0904951684225394,0 days 00:03:39.300133,,,,,,,,,,
85,12,0.25,medium,30,30,2,20.0,90,7,longrun,False,10,,Last Price,0.75,0.0653568059206008,11.036190032958984,15.0,0.1398996509529953,0.4654464607867861,2.0,71.0,0.0564323601946568,0 days 00:03:30.251515,,,,,,,,,,
198,12,0.25,medium,30,30,2,20.0,90,7,longrun,False,10,z-score,Last Price,0.75,0.0658347234129905,11.137084007263184,14.0,0.1393357968276624,0.3088738852481537,23.0,36.0,0.0115393009105772,0 days 00:03:31.104991,,,,,,,,,,
61,16,0.25,medium,30,30,1,20.0,90,7,light,False,10,z-score,Last Price,0.75,0.0663664638996124,11.145926475524902,13.0,0.1168593396631482,0.7546558317074563,28.0,35.0,0.4240654235704261,0 days 00:03:39.981106,,,,,,,,,,
191,12,0.25,medium,30,30,2,20.0,90,7,longrun,False,10,z-score,Last Price,0.75,0.0664669275283813,13.251132011413574,14.0,0.1537732772753106,0.234059742481431,14.0,25.0,0.0134541457039295,0 days 00:03:32.505648,,,,,,,,,,
130,12,0.25,medium,30,30,2,20.0,90,7,longrun,False,10,z-score,Last Price,0.75,0.0683193504810333,11.411100387573242,14.0,0.1517725646464965,0.2262460672269768,13.0,26.0,0.0151614533810235,0 days 00:03:33.110010,,,,,,,,,,
55,12,0.25,medium,30,30,2,20.0,90,7,longrun,False,10,,Last Price,0.75,0.0688838884234428,13.673874855041504,4.0,0.1379588092334108,0.4030706875290469,11.0,53.0,0.0880611626859144,0 days 00:03:33.317966,,,,,,,,,,
67,16,0.25,medium,30,30,1,20.0,90,7,light,False,10,z-score,Last Price,0.75,0.0692507922649383,13.74696445465088,12.0,0.1121910003212124,0.6403005754647666,66.0,85.0,0.2276561130183817,0 days 00:03:42.376587,,,,,,,,,,
18,12,0.25,medium,30,30,2,20.0,90,7,longrun,False,10,,Last Price,0.75,0.0694450065493583,11.554025650024414,16.0,0.1283687689006143,0.4567385637952177,3.0,7.0,0.0467801381161719,0 days 00:03:27.245573,,,,,,,,,,
83,12,0.25,medium,30,30,2,20.0,90,7,longrun,False,10,,Last Price,0.75,0.0702656134963035,11.707036018371582,16.0,0.1321115695055666,0.2925908467734723,5.0,14.0,0.0236818700845988,0 days 00:03:29.190532,,,,,,,,,,
97,16,0.25,medium,30,30,1,20.0,90,7,light,False,10,z-score,Last Price,0.75,0.0704690963029861,11.681642532348633,16.0,0.1192098486589578,0.331783649683056,26.0,90.0,0.2451085847969253,0 days 00:03:40.816139,,,,,,,,,,
0,16,0.25,medium,30,30,1,20.0,90,7,light,False,10,z-score,Last Price,0.75,0.0705229416489601,11.688675880432127,12.0,0.1593295278264881,0.732091654872569,1.0,2.0,0.0814446590219756,0 days 00:38:52.906134,,,,,,,,,,
119,16,0.25,medium,30,30,1,20.0,90,7,light,False,10,z-score,Last Price,0.75,0.070534311234951,13.976971626281738,16.0,0.1634937045625974,0.3766969322822746,11.0,80.0,0.3823162824357718,0 days 00:03:37.988302,,,,,,,,,,
34,12,0.25,medium,30,30,2,20.0,90,7,longrun,False,10,,Last Price,0.75,0.0709735676646232,11.825979232788086,12.0,0.187414821212585,0.2533314423804006,8.0,28.0,0.017702203021356,0 days 00:03:30.581586,,,,,,,,,,
8,12,0.25,medium,30,30,2,20.0,90,7,longrun,False,10,,Last Price,0.75,0.0711953938007354,11.777403831481934,16.0,0.2602399089879191,0.0182686902988085,1.0,5.0,0.0299492740418665,0 days 00:03:23.964133,,,,,,,,,,
146,16,0.25,medium,30,30,1,20.0,90,7,light,False,10,z-score,Last Price,0.75,0.0712208077311515,11.781719207763672,9.0,0.1349052884014494,0.710708653513986,35.0,38.0,0.353810265025514,0 days 00:23:54.981156,,,,,,,,,,
137,16,0.25,medium,30,30,1,20.0,90,7,light,False,10,z-score,Last Price,0.75,0.0713347047567367,11.795032501220703,11.0,0.1501825553719819,0.3911190108258107,100.0,100.0,0.4503991111228316,0 days 00:03:17.652648,,,,,,,,,,
131,12,0.25,medium,30,30,2,20.0,90,7,longrun,False,10,z-score,Last Price,0.75,0.071341335773468,11.806111335754396,14.0,0.1516845835229751,0.2371899280828706,13.0,26.0,0.0132364414557454,0 days 00:03:32.195076,,,,,,,,,,
23,16,0.25,medium,30,30,1,20.0,90,7,light,False,10,z-score,Last Price,0.75,0.0713634938001632,11.799602508544922,10.0,0.1555962438305633,0.6254094589148305,5.0,28.0,0.4586005491318132,0 days 00:03:35.368017,,,,,,,,,,
101,16,0.25,medium,30,30,1,20.0,90,7,light,False,10,z-score,Last Price,0.75,0.0719529464840889,11.881382942199709,14.0,0.1100922853660567,0.8899242243384733,30.0,64.0,0.6327633867496067,0 days 00:03:39.542773,,,,,,,,,,
175,12,0.25,medium,30,30,2,20.0,90,7,longrun,False,10,z-score,Last Price,0.75,0.0731033533811569,12.070502281188965,16.0,0.1148195090899871,0.1916947181765127,10.0,15.0,0.0304774391021919,0 days 00:03:33.234296,,,,,,,,,,
163,12,0.25,medium,30,30,2,20.0,90,7,longrun,False,10,z-score,Last Price,0.75,0.0735902339220047,12.115224838256836,7.0,0.2025230949729834,0.0113454063629057,9.0,17.0,0.0448512782296108,0 days 00:03:32.370905,,,,,,,,,,
141,16,0.25,medium,30,30,1,20.0,90,7,light,False,10,z-score,Last Price,0.75,0.0740320086479187,12.171509742736816,10.0,0.1189762405988019,0.8091808089202981,53.0,61.0,0.5741496056452909,0 days 00:03:38.536432,,,,,,,,,,
92,16,0.25,medium,30,30,1,20.0,90,7,light,False,10,z-score,Last Price,0.75,0.0740926638245582,12.179353713989258,12.0,0.1220532621929001,0.821855431966224,56.0,66.0,0.28086701581047,0 days 00:03:40.470609,,,,,,,,,,
53,12,0.25,medium,30,30,2,20.0,90,7,longrun,False,10,,Last Price,0.75,0.0741207003593444,12.25982666015625,14.0,0.1613265791587231,0.2560064364453093,7.0,45.0,0.0154621419702598,0 days 00:03:33.606706,,,,,,,,,,
3,12,0.25,medium,30,30,2,20.0,90,7,longrun,False,10,,Last Price,0.75,0.0747986286878585,12.264386177062988,10.0,0.1667162122091073,0.980580670852792,2.0,61.0,0.3121878896007249,0 days 00:03:29.374955,,,,,,,,,,
133,12,0.25,medium,30,30,2,20.0,90,7,longrun,False,10,z-score,Last Price,0.75,0.0748232901096344,12.292635917663574,14.0,0.1366775416335008,0.2747940775984121,13.0,22.0,0.0233244572164286,0 days 00:03:32.064982,,,,,,,,,,
124,12,0.25,medium,30,30,2,20.0,90,7,longrun,False,10,z-score,Last Price,0.75,0.077686995267868,12.683823585510254,15.0,0.1355056283550725,0.2943663874973365,5.0,13.0,0.0204065876427461,0 days 00:03:29.608697,,,,,,,,,,
89,16,0.25,medium,30,30,1,20.0,90,7,light,False,10,z-score,Last Price,0.75,0.0778340771794319,12.686541557312012,11.0,0.1054383041185439,0.8428427741422756,48.0,56.0,0.4550310920529534,0 days 00:03:39.603779,,,,,,,,,,
99,16,0.25,medium,30,30,1,20.0,90,7,light,False,10,z-score,Last Price,0.75,0.0783867314457893,12.773656845092772,5.0,0.1133802559157323,0.5032927965087586,65.0,77.0,0.1679381768353808,0 days 00:03:40.654835,,,,,,,,,,
133,16,0.25,medium,30,30,1,20.0,90,7,light,False,10,z-score,Last Price,0.75,0.0785404592752456,12.787296295166016,13.0,0.1723337289124386,0.4649942283121069,85.0,92.0,0.1349109710013708,0 days 00:03:40.493568,,,,,,,,,,
155,12,0.25,medium,30,30,2,20.0,90,7,longrun,False,10,z-score,Last Price,0.75,0.0786179825663566,12.828664779663086,16.0,0.1893805449275534,0.3618443303743346,53.0,100.0,0.0376590321961207,0 days 00:03:35.654319,,,,,,,,,,
151,16,0.25,medium,30,30,1,20.0,90,7,light,False,10,z-score,Last Price,0.75,0.0786664932966232,15.035426139831545,10.0,0.1084143966008846,0.6756474781994248,53.0,62.0,0.0517443776555048,0 days 00:03:38.759517,,,,,,,,,,
113,12,0.25,medium,30,30,2,20.0,90,7,longrun,False,10,z-score,Last Price,0.75,0.0793312788009643,12.939080238342283,15.0,0.1140526785023838,0.5824321358855448,3.0,40.0,0.0782530367865766,0 days 00:03:29.568673,,,,,,,,,,
11,16,0.25,medium,30,30,1,20.0,90,7,light,False,10,z-score,Last Price,0.75,0.0798416957259178,12.965686798095703,12.0,0.1093591292699346,0.8973107430624565,1.0,11.0,0.6851077567013152,0 days 00:03:31.097962,,,,,,,,,,
32,16,0.25,medium,30,30,1,20.0,90,7,light,False,10,z-score,Last Price,0.75,0.0800069496035575,12.995404243469238,12.0,0.1840086768740692,0.7205727617072027,21.0,40.0,0.0705843533701425,0 days 00:03:39.120879,,,,,,,,,,
41,16,0.25,medium,30,30,1,20.0,90,7,light,False,10,z-score,Last Price,0.75,0.0803345516324043,13.036490440368652,5.0,0.1595980685777291,0.3102674644297404,58.0,81.0,0.1419434281493281,0 days 00:24:14.231802,,,,,,,,,,
119,12,0.25,medium,30,30,2,20.0,90,7,longrun,False,10,z-score,Last Price,0.75,0.0808057114481926,13.112465858459473,12.0,0.1372244268128141,0.3600563733941295,5.0,29.0,0.096021717671345,0 days 00:03:31.524869,,,,,,,,,,
147,12,0.25,medium,30,30,2,20.0,90,7,longrun,False,10,z-score,Last Price,0.75,0.0811923220753669,13.169184684753418,11.0,0.1467758538400344,0.2054813315524236,7.0,22.0,0.0280751255355511,0 days 00:03:31.709735,,,,,,,,,,
196,16,0.25,medium,30,30,1,20.0,90,7,light,False,10,z-score,Last Price,0.75,0.0813136920332908,13.175863265991213,14.0,0.1884938784941944,0.2965046167999624,64.0,70.0,0.2644719331071528,0 days 00:03:39.456884,,,,,,,,,,
34,16,0.25,medium,30,30,1,20.0,90,7,light,False,10,z-score,Last Price,0.75,0.081532634794712,13.206419944763184,4.0,0.1536342319999405,0.5081767139787635,36.0,71.0,0.1866875634766625,0 days 00:03:39.852041,,,,,,,,,,
135,16,0.25,medium,30,30,1,20.0,90,7,light,False,10,z-score,Last Price,0.75,0.0817312151193618,13.232131004333496,15.0,0.1965572661323301,0.5034792135577636,48.0,53.0,0.1048377554118506,0 days 00:03:38.808497,,,,,,,,,,
174,12,0.25,medium,30,30,2,20.0,90,7,longrun,False,10,z-score,Last Price,0.75,0.0822461694478988,13.32747745513916,15.0,0.1112023664075192,0.1231857459828578,2.0,12.0,0.0657083867136048,0 days 00:03:28.983001,,,,,,,,,,
92,12,0.25,medium,30,30,2,20.0,90,7,longrun,False,10,,Last Price,0.75,0.0829965323209762,13.42662239074707,16.0,0.1398491134467224,0.4757679152127805,17.0,85.0,0.08401386702677,0 days 00:03:33.074451,,,,,,,,,,
84,12,0.25,medium,30,30,2,20.0,90,7,longrun,False,10,,Last Price,0.75,0.0830497071146965,15.641536712646484,15.0,0.148122618563546,0.3232024031514743,6.0,7.0,0.0383882512092809,0 days 00:03:28.817939,,,,,,,,,,
61,12,0.25,medium,30,30,2,20.0,90,7,longrun,False,10,,Last Price,0.75,0.0832386687397956,13.462255477905272,3.0,0.1361067500125265,0.4114575618736928,12.0,55.0,0.0944354584970904,0 days 00:03:32.817776,,,,,,,,,,
30,12,0.25,medium,30,30,2,20.0,90,7,longrun,False,10,,Last Price,0.75,0.0837188214063644,13.525520324707031,15.0,0.1002960924188906,0.3113898825020504,6.0,22.0,0.0085646880964821,0 days 00:03:29.428046,,,,,,,,,,
15,16,0.25,medium,30,30,1,20.0,90,7,light,False,10,z-score,Last Price,0.75,0.0837766900658607,15.808175086975098,12.0,0.1324594797359852,0.1439759550605258,1.0,1.0,0.3817507789882521,0 days 00:03:19.991774,,,,,,,,,,
136,12,0.25,medium,30,30,2,20.0,90,7,longrun,False,10,z-score,Last Price,0.75,0.0841028615832328,15.821695327758787,15.0,0.1983448945516855,0.1690208415816048,25.0,28.0,0.0151043450322452,0 days 00:03:32.031585,,,,,,,,,,
30,16,0.25,medium,30,30,1,20.0,90,7,light,False,10,z-score,Last Price,0.75,0.0848081186413765,13.6868257522583,8.0,0.1625893011362607,0.3442303733225506,6.0,29.0,0.1099311852584003,0 days 00:03:36.710883,,,,,,,,,,
31,16,0.25,medium,30,30,1,20.0,90,7,light,False,10,z-score,Last Price,0.75,0.0857065171003341,13.809344291687012,10.0,0.1843159113295665,0.9953196656688568,6.0,15.0,0.2464823290813347,0 days 00:03:37.351575,,,,,,,,,,
98,16,0.25,medium,30,30,1,20.0,90,7,light,False,10,z-score,Last Price,0.75,0.0865324214100837,13.941150665283203,7.0,0.1382297651184987,0.4312759986234268,34.0,44.0,0.3695710677992592,0 days 00:03:37.362526,,,,,,,,,,
65,16,0.25,medium,30,30,1,20.0,90,7,light,False,10,z-score,Last Price,0.75,0.0867197141051292,13.970443725585938,9.0,0.143014525907537,0.4603734776435953,3.0,5.0,0.5246900246876471,0 days 00:03:31.718104,,,,,,,,,,
144,16,0.25,medium,30,30,1,20.0,90,7,light,False,10,z-score,Last Price,0.75,0.0878200605511665,14.13524341583252,11.0,0.1231626113424746,0.8113812275983867,42.0,48.0,0.5382650836162913,0 days 00:03:37.984927,,,,,,,,,,
168,16,0.25,medium,30,30,1,20.0,90,7,light,False,10,z-score,Last Price,0.75,0.088690735399723,14.291327476501465,13.0,0.124417749896538,0.3914351134624426,26.0,27.0,0.0659940012075476,0 days 00:03:37.183286,,,,,,,,,,
12,12,0.25,medium,30,30,2,20.0,90,7,longrun,False,10,,Last Price,0.75,0.0891401395201683,16.560937881469727,12.0,0.1917015706563356,0.3658261216275751,47.0,90.0,0.7890630605841422,0 days 00:03:36.503662,,,,,,,,,,
188,12,0.25,medium,30,30,2,20.0,90,7,longrun,False,10,z-score,Last Price,0.75,0.0891424566507339,14.340980529785156,12.0,0.1631113656983073,0.3868752572344125,16.0,57.0,0.0594265351790084,0 days 00:03:34.835596,,,,,,,,,,
15,12,0.25,medium,30,30,2,20.0,90,7,longrun,False,10,,Last Price,0.75,0.0897709727287292,14.42949104309082,9.0,0.1845008428369661,0.0623434267537697,2.0,15.0,0.919518044736484,0 days 00:03:26.902342,,,,,,,,,,
90,12,0.25,medium,30,30,2,20.0,90,7,longrun,False,10,,Last Price,0.75,0.0910924822092056,14.618892669677734,15.0,0.1349415475635784,0.5143190648314248,1.0,31.0,0.0145163486427642,0 days 00:03:27.409446,,,,,,,,,,
13,16,0.25,medium,30,30,1,20.0,90,7,light,False,10,z-score,Last Price,0.75,0.0912047773599624,14.665423393249512,12.0,0.1045479562218205,0.9945659246142248,2.0,19.0,0.0387326705099571,0 days 00:03:32.747539,,,,,,,,,,
104,16,0.25,medium,30,30,1,20.0,90,7,light,False,10,z-score,Last Price,0.75,0.0913555026054382,14.662922859191896,6.0,0.1172557008521463,0.7922577599566377,65.0,83.0,0.7045484868034199,0 days 00:03:40.341935,,,,,,,,,,
43,16,0.25,medium,30,30,1,20.0,90,7,light,False,10,z-score,Last Price,0.75,0.0925656110048294,14.871935844421388,6.0,0.1758566391413223,0.2215026430817575,96.0,100.0,0.2435618201942279,0 days 00:03:41.754363,,,,,,,,,,
54,12,0.25,medium,30,30,2,20.0,90,7,longrun,False,10,,Last Price,0.75,0.0936114639043808,15.000028610229492,15.0,0.1683024100408854,0.3229966091057283,9.0,78.0,0.1223774541919233,0 days 00:03:34.095698,,,,,,,,,,
138,12,0.25,medium,30,30,2,20.0,90,7,longrun,False,10,z-score,Last Price,0.75,0.0936987325549125,15.103561401367188,16.0,0.1605075859350556,0.3217249018719346,11.0,64.0,0.045061967779022,0 days 00:03:32.105060,,,,,,,,,,
40,16,0.25,medium,30,30,1,20.0,90,7,light,False,10,z-score,Last Price,0.75,0.0937126725912094,15.014762878417969,8.0,0.171152852443139,0.4394734712748407,27.0,52.0,0.5640854914825169,0 days 00:03:38.257741,,,,,,,,,,
162,12,0.25,medium,30,30,2,20.0,90,7,longrun,False,10,z-score,Last Price,0.75,0.0937705263495445,17.274856567382812,16.0,0.2756144411182967,0.0193790034288538,5.0,6.0,0.0175649287131418,0 days 00:03:28.357896,,,,,,,,,,
112,16,0.25,medium,30,30,1,20.0,90,7,light,False,10,z-score,Last Price,0.75,0.0937977060675621,15.033838272094728,14.0,0.1033483345015478,0.6054525741093436,61.0,70.0,0.4066962670676339,0 days 00:03:41.347125,,,,,,,,,,
94,16,0.25,medium,30,30,1,20.0,90,7,light,False,10,z-score,Last Price,0.75,0.094102457165718,15.07819366455078,13.0,0.1566109927552286,0.3926324733720659,52.0,63.0,0.19731882020763,0 days 00:03:40.131348,,,,,,,,,,
142,16,0.25,medium,30,30,1,20.0,90,7,light,False,10,z-score,Last Price,0.75,0.0957650691270828,15.335312843322754,10.0,0.1150220459055574,0.8753854943687224,46.0,53.0,0.392692259117781,0 days 00:03:37.579357,,,,,,,,,,
69,16,0.25,medium,30,30,1,20.0,90,7,light,False,10,z-score,Last Price,0.75,0.0964877307415008,15.442663192749023,8.0,0.1482977190135702,0.4121966732644435,52.0,69.0,0.321642393102343,0 days 00:03:40.297805,,,,,,,,,,
80,12,0.25,medium,30,30,2,20.0,90,7,longrun,False,10,,Last Price,0.75,0.0965026021003723,15.450339317321776,15.0,0.1170769848373688,0.2089770560729529,5.0,61.0,0.0946364457724879,0 days 00:03:30.685150,,,,,,,,,,
73,16,0.25,medium,30,30,1,20.0,90,7,light,False,10,z-score,Last Price,0.75,0.0975915491580963,15.617403984069824,15.0,0.1143447347484574,0.9290364491594684,12.0,13.0,0.962783922046287,0 days 00:03:37.996145,,,,,,,,,,
64,12,0.25,medium,30,30,2,20.0,90,7,longrun,False,10,,Last Price,0.75,0.0987332537770271,15.777400970458984,9.0,0.1260644168849789,0.5085659245506738,6.0,25.0,0.0721116271255926,0 days 00:03:29.743556,,,,,,,,,,
107,16,0.25,medium,30,30,1,20.0,90,7,light,False,10,z-score,Last Price,0.75,0.0988733917474746,15.821730613708496,14.0,0.1058179269364616,0.4637882033656528,54.0,70.0,0.2500245985744649,0 days 00:03:40.384858,,,,,,,,,,
54,16,0.25,medium,30,30,1,20.0,90,7,light,False,10,z-score,Last Price,0.75,0.0989836379885673,15.838716506958008,10.0,0.2259280951357431,0.5484899914058259,48.0,67.0,0.3832735144967372,0 days 00:03:39.528309,,,,,,,,,,
111,16,0.25,medium,30,30,1,20.0,90,7,light,False,10,z-score,Last Price,0.75,0.0999878048896789,18.11530876159668,13.0,0.1137667387454926,0.714057262783241,43.0,47.0,0.8458822010114853,0 days 00:03:40.119562,,,,,,,,,,
52,16,0.25,medium,30,30,1,20.0,90,7,light,False,10,z-score,Last Price,0.75,0.100743792951107,16.121057510375977,9.0,0.2016008641703538,0.806394841927365,58.0,82.0,0.6884598600380064,0 days 00:03:41.166073,,,,,,,,,,
134,16,0.25,medium,30,30,1,20.0,90,7,light,False,10,z-score,Last Price,0.75,0.1020952612161636,16.34349250793457,14.0,0.1427871766897336,0.5903577978681839,65.0,72.0,0.1620780544810687,0 days 00:03:39.295192,,,,,,,,,,
44,16,0.25,medium,30,30,1,20.0,90,7,light,False,10,z-score,Last Price,0.75,0.1024709492921829,16.386144638061523,7.0,0.1867527316900013,0.3587606796877267,45.0,74.0,0.349776304457556,0 days 00:03:40.233129,,,,,,,,,,
132,16,0.25,medium,30,30,1,20.0,90,7,light,False,10,z-score,Last Price,0.75,0.102906733751297,16.459976196289062,14.0,0.1652156708534193,0.4178775301408475,8.0,8.0,0.0774838011310233,0 days 00:03:14.914224,,,,,,,,,,
64,16,0.25,medium,30,30,1,20.0,90,7,light,False,10,z-score,Last Price,0.75,0.1029510721564292,16.47334861755371,11.0,0.1321591644670313,0.5794280628535775,39.0,57.0,0.3811627273660931,0 days 00:03:40.950093,,,,,,,,,,
156,12,0.25,medium,30,30,2,20.0,90,7,longrun,False,10,z-score,Last Price,0.75,0.1033254116773605,16.559837341308594,13.0,0.1381568562165399,0.1598405731113614,15.0,91.0,0.0756700496797713,0 days 00:03:35.140783,,,,,,,,,,
16,12,0.25,medium,30,30,2,20.0,90,7,longrun,False,10,,Last Price,0.75,0.1033546477556228,18.559228897094727,4.0,0.1615276046624092,0.2272992326922996,1.0,4.0,0.2222372322272094,0 days 00:03:23.229679,,,,,,,,,,
194,16,0.25,medium,30,30,1,20.0,90,7,light,False,10,z-score,Last Price,0.75,0.1042489185929298,16.665555953979492,9.0,0.1603772860593425,0.7527875874829866,23.0,24.0,0.1748501718787908,0 days 00:03:36.449894,,,,,,,,,,
199,12,0.25,medium,30,30,2,20.0,90,7,longrun,False,10,z-score,Last Price,0.75,0.1042578816413879,18.675024032592773,13.0,0.1372706182584539,0.2318640489864857,18.0,37.0,0.0111016984177439,0 days 00:03:31.277948,,,,,,,,,,
149,12,0.25,medium,30,30,2,20.0,90,7,longrun,False,10,z-score,Last Price,0.75,0.1050128266215324,16.809349060058594,16.0,0.1519079666984141,0.1783813642546076,3.0,31.0,0.0513408317375207,0 days 00:03:30.232010,,,,,,,,,,
186,16,0.25,medium,30,30,1,20.0,90,7,light,False,10,z-score,Last Price,0.75,0.1052147969603538,16.833099365234375,12.0,0.1973572397769605,0.4159005032210506,18.0,18.0,0.3728285405734056,0 days 00:03:13.575707,,,,,,,,,,
149,16,0.25,medium,30,30,1,20.0,90,7,light,False,10,z-score,Last Price,0.75,0.1053174138069152,16.848285675048828,12.0,0.1209176968961839,0.746337962040785,5.0,6.0,0.822310641581608,0 days 00:03:32.027334,,,,,,,,,,
122,12,0.25,medium,30,30,2,20.0,90,7,longrun,False,10,z-score,Last Price,0.75,0.1056286692619323,16.925233840942383,16.0,0.1272758984218189,0.3344855691008795,5.0,15.0,0.0165277202499162,0 days 00:03:30.518816,,,,,,,,,,
193,16,0.25,medium,30,30,1,20.0,90,7,light,False,10,z-score,Last Price,0.75,0.1066594049334526,17.065204620361328,10.0,0.1774843244992432,0.37082809731646,57.0,62.0,0.3809377044495207,0 days 00:03:37.532265,,,,,,,,,,
169,16,0.25,medium,30,30,1,20.0,90,7,light,False,10,z-score,Last Price,0.75,0.1069083660840988,17.10675811767578,11.0,0.131293640008115,0.5530599774363002,16.0,16.0,0.0302598005084149,0 days 00:03:15.903554,,,,,,,,,,
81,16,0.25,medium,30,30,1,20.0,90,7,light,False,10,z-score,Last Price,0.75,0.1070418432354927,19.031333923339844,4.0,0.1264524643340773,0.3932543589989399,30.0,39.0,0.5969161754572143,0 days 00:03:38.216256,,,,,,,,,,
12,16,0.25,medium,30,30,1,20.0,90,7,light,False,10,z-score,Last Price,0.75,0.1071516126394271,17.140878677368164,13.0,0.1063192107225791,0.9570910988955492,1.0,10.0,0.841300628580507,0 days 00:03:31.353357,,,,,,,,,,
36,16,0.25,medium,30,30,1,20.0,90,7,light,False,10,z-score,Last Price,0.75,0.1081136390566825,17.295976638793945,4.0,0.1804203147437573,0.29895066256069,30.0,46.0,0.4544346289034274,0 days 00:03:38.347015,,,,,,,,,,
182,16,0.25,medium,30,30,1,20.0,90,7,light,False,10,z-score,Last Price,0.75,0.108225516974926,17.318395614624023,16.0,0.1139558246132538,0.5638294558527787,10.0,80.0,0.0552677095540075,0 days 00:03:37.116541,,,,,,,,,,
50,16,0.25,medium,30,30,1,20.0,90,7,light,False,10,z-score,Last Price,0.75,0.1083481460809707,17.335573196411133,3.0,0.1403731339283016,0.3848637452911898,23.0,33.0,0.2994794293768873,0 days 00:03:39.015694,,,,,,,,,,
75,12,0.25,medium,30,30,2,20.0,90,7,longrun,False,10,,Last Price,0.75,0.1086468994617462,17.374740600585938,9.0,0.1459167763129986,0.4417365081508675,7.0,47.0,0.0607048643923529,0 days 00:03:31.135384,,,,,,,,,,
84,16,0.25,medium,30,30,1,20.0,90,7,light,False,10,z-score,Last Price,0.75,0.1088094636797905,19.323400497436523,5.0,0.1177449859269906,0.3610635884944357,47.0,60.0,0.157520305414318,0 days 00:03:38.984646,,,,,,,,,,
56,12,0.25,medium,30,30,2,20.0,90,7,longrun,False,10,,Last Price,0.75,0.1092573031783104,17.50442886352539,13.0,0.1957143019254871,0.0171874937250484,8.0,98.0,0.0271616849335586,0 days 00:03:36.201703,,,,,,,,,,
111,12,0.25,medium,30,30,2,20.0,90,7,longrun,False,10,z-score,Last Price,0.75,0.1098230183124542,17.623554229736328,16.0,0.1354717682516457,0.4863553526246289,5.0,21.0,0.0524662626573719,0 days 00:03:29.628099,,,,,,,,,,
25,12,0.25,medium,30,30,2,20.0,90,7,longrun,False,10,,Last Price,0.75,0.1099283248186111,17.6390438079834,15.0,0.1265336013085831,0.62479104334703,5.0,25.0,0.0164894350955937,0 days 00:03:28.952253,,,,,,,,,,
63,12,0.25,medium,30,30,2,20.0,90,7,longrun,False,10,,Last Price,0.75,0.1103857681155204,17.66651725769043,7.0,0.134552424570478,0.2957264048373038,7.0,62.0,0.2245621541408773,0 days 00:03:31.319932,,,,,,,,,,
145,16,0.25,medium,30,30,1,20.0,90,7,light,False,10,z-score,Last Price,0.75,0.1107808202505111,17.726675033569336,10.0,0.1110798446721781,0.621276396098023,50.0,57.0,0.4586738997365002,0 days 00:03:38.498689,,,,,,,,,,
176,16,0.25,medium,30,30,1,20.0,90,7,light,False,10,z-score,Last Price,0.75,0.110909417271614,17.751310348510742,14.0,0.118316945261064,0.9987779145351974,21.0,21.0,0.3336138940965025,0 days 00:03:17.469756,,,,,,,,,,
166,16,0.25,medium,30,30,1,20.0,90,7,light,False,10,z-score,Last Price,0.75,0.1110101491212844,17.767765045166016,11.0,0.1309272572829661,0.4411775261458145,31.0,32.0,0.1098632863018178,0 days 00:03:36.797067,,,,,,,,,,
102,16,0.25,medium,30,30,1,20.0,90,7,light,False,10,z-score,Last Price,0.75,0.1124338284134864,17.991256713867188,11.0,0.1234895721421923,0.762645059187267,82.0,99.0,0.4313746789525539,0 days 00:03:42.103548,,,,,,,,,,
173,16,0.25,medium,30,30,1,20.0,90,7,light,False,10,z-score,Last Price,0.75,0.112880602478981,18.074193954467773,13.0,0.1254765308248017,0.7077736087656789,60.0,65.0,0.0246132864252671,0 days 00:03:39.918143,,,,,,,,,,
88,12,0.25,medium,30,30,2,20.0,90,7,longrun,False,10,,Last Price,0.75,0.1135478988289833,18.174768447875977,15.0,0.1569909450911408,0.4392092192457782,8.0,49.0,0.0327054886833205,0 days 00:03:32.366366,,,,,,,,,,
185,16,0.25,medium,30,30,1,20.0,90,7,light,False,10,z-score,Last Price,0.75,0.1139028146862983,18.24799346923828,15.0,0.1003415880361336,0.6469298944658604,43.0,46.0,0.0693870094092941,0 days 00:03:38.359339,,,,,,,,,,
72,12,0.25,medium,30,30,2,20.0,90,7,longrun,False,10,,Last Price,0.75,0.1140106618404388,18.250492095947266,15.0,0.1299415435008254,0.3365979128717145,11.0,67.0,0.0430082772489369,0 days 00:03:31.954372,,,,,,,,,,
154,16,0.25,medium,30,30,1,20.0,90,7,light,False,10,z-score,Last Price,0.75,0.1158754378557205,18.536251068115234,10.0,0.113944281557884,0.8069937851771156,14.0,89.0,0.0671793792254093,0 days 00:03:37.385150,,,,,,,,,,
187,16,0.25,medium,30,30,1,20.0,90,7,light,False,10,z-score,Last Price,0.75,0.1160098388791084,18.554555892944336,11.0,0.1718851935420614,0.5903439258892371,33.0,34.0,0.3065864001397845,0 days 00:03:38.092833,,,,,,,,,,
31,12,0.25,medium,30,30,2,20.0,90,7,longrun,False,10,,Last Price,0.75,0.1161989718675613,20.22440719604492,16.0,0.1664135495180622,0.1613697619036977,4.0,13.0,0.0226931899162575,0 days 00:03:27.842789,,,,,,,,,,
81,12,0.25,medium,30,30,2,20.0,90,7,longrun,False,10,,Last Price,0.75,0.1167182922363281,18.66176414489746,16.0,0.1277173454372942,0.4768066737751507,7.0,11.0,0.0473803634996348,0 days 00:03:29.755100,,,,,,,,,,
125,16,0.25,medium,30,30,1,20.0,90,7,light,False,10,z-score,Last Price,0.75,0.1169341206550598,18.70073127746582,14.0,0.1330938550425152,0.4395123772441185,71.0,84.0,0.0614036724511134,0 days 00:03:39.877125,,,,,,,,,,
148,16,0.25,medium,30,30,1,20.0,90,7,light,False,10,z-score,Last Price,0.75,0.1172536835074424,18.74211502075196,10.0,0.1847105002804639,0.9072158262101112,56.0,69.0,0.6431952859011745,0 days 00:03:38.806721,,,,,,,,,,
143,16,0.25,medium,30,30,1,20.0,90,7,light,False,10,z-score,Last Price,0.75,0.1179794296622276,20.43184280395508,9.0,0.1287543261381176,0.7283791500803858,64.0,76.0,0.7082165441303274,0 days 00:03:38.551707,,,,,,,,,,
131,16,0.25,medium,30,30,1,20.0,90,7,light,False,10,z-score,Last Price,0.75,0.1187247708439827,18.96297264099121,15.0,0.1562627405125398,0.5345406809905534,55.0,62.0,0.2233199064894465,0 days 00:03:39.618534,,,,,,,,,,
184,16,0.25,medium,30,30,1,20.0,90,7,light,False,10,z-score,Last Price,0.75,0.1191830933094024,19.03339576721192,13.0,0.1201643420663326,0.4972555830503526,14.0,14.0,0.2531633110859696,0 days 00:03:15.461471,,,,,,,,,,
96,16,0.25,medium,30,30,1,20.0,90,7,light,False,10,z-score,Last Price,0.75,0.119350753724575,19.06260299682617,15.0,0.1679227004124282,0.5942350144962937,44.0,54.0,0.128352312594614,0 days 00:03:39.727344,,,,,,,,,,
100,16,0.25,medium,30,30,1,20.0,90,7,light,False,10,z-score,Last Price,0.75,0.119455948472023,19.0766716003418,16.0,0.1318558350746491,0.7016116237529659,41.0,49.0,0.3151338917431601,0 days 00:03:39.464897,,,,,,,,,,
147,16,0.25,medium,30,30,1,20.0,90,7,light,False,10,z-score,Last Price,0.75,0.1199972555041313,19.159168243408203,11.0,0.1677329344253379,0.5429486646055633,76.0,87.0,0.2833139466225886,0 days 00:03:39.749697,,,,,,,,,,
121,12,0.25,medium,30,30,2,20.0,90,7,longrun,False,10,z-score,Last Price,0.75,0.1201057881116867,20.70858764648437,16.0,0.1323135720298009,0.2988298109504747,6.0,14.0,0.0256018695067521,0 days 00:03:30.729676,,,,,,,,,,
79,12,0.25,medium,30,30,2,20.0,90,7,longrun,False,10,,Last Price,0.75,0.1201065480709075,19.207260131835938,14.0,0.1381358699225452,0.3535645958156651,4.0,37.0,0.013204040692721,0 days 00:03:29.275844,,,,,,,,,,
179,12,0.25,medium,30,30,2,20.0,90,7,longrun,False,10,z-score,Last Price,0.75,0.1204505041241645,19.22979164123535,16.0,0.127967009023839,0.2474487680057079,6.0,12.0,0.0562214690502428,0 days 00:03:29.299918,,,,,,,,,,
82,16,0.25,medium,30,30,1,20.0,90,7,light,False,10,z-score,Last Price,0.75,0.1204821467399597,19.2255916595459,11.0,0.1159556233663267,0.7537754237853812,2.0,75.0,0.4671726298631197,0 days 00:03:34.384215,,,,,,,,,,
109,16,0.25,medium,30,30,1,20.0,90,7,light,False,10,z-score,Last Price,0.75,0.1210780218243599,19.322704315185547,3.0,0.1756499983632849,0.359791850664929,77.0,92.0,0.2707954394476497,0 days 00:03:41.997067,,,,,,,,,,
118,16,0.25,medium,30,30,1,20.0,90,7,light,False,10,z-score,Last Price,0.75,0.1213281452655792,19.360084533691406,14.0,0.1271168434782056,0.4955081655970237,4.0,6.0,0.2657535078462256,0 days 00:03:32.335362,,,,,,,,,,
48,16,0.25,medium,30,30,1,20.0,90,7,light,False,10,z-score,Last Price,0.75,0.1216851100325584,19.41492080688477,8.0,0.2161301922875553,0.562279987094226,24.0,46.0,0.652184608696474,0 days 00:03:38.375845,,,,,,,,,,
38,16,0.25,medium,30,30,1,20.0,90,7,light,False,10,z-score,Last Price,0.75,0.1218530237674713,19.437158584594727,6.0,0.1758005874237138,0.1927123553957341,20.0,53.0,0.2386237615678744,0 days 00:03:39.023172,,,,,,,,,,
57,16,0.25,medium,30,30,1,20.0,90,7,light,False,10,z-score,Last Price,0.75,0.1220742240548133,20.95975875854492,11.0,0.1986790785285023,0.417900356594682,58.0,84.0,0.5536885963967842,0 days 00:03:40.507099,,,,,,,,,,
72,16,0.25,medium,30,30,1,20.0,90,7,light,False,10,z-score,Last Price,0.75,0.1223961487412452,19.526084899902344,12.0,0.1023295583721005,0.5274514334918591,21.0,24.0,0.4256504231560516,0 days 00:03:37.758357,,,,,,,,,,
195,16,0.25,medium,30,30,1,20.0,90,7,light,False,10,z-score,Last Price,0.75,0.1225545704364776,19.55510330200196,11.0,0.1526701055844043,0.1131180964595059,37.0,39.0,0.0855863635865275,0 days 00:03:38.077945,,,,,,,,,,
82,12,0.25,medium,30,30,2,20.0,90,7,longrun,False,10,,Last Price,0.75,0.1233223676681518,19.674091339111328,12.0,0.1070629239964251,0.4092260573104208,3.0,43.0,0.0810110115466993,0 days 00:03:28.946862,,,,,,,,,,
27,12,0.25,medium,30,30,2,20.0,90,7,longrun,False,10,,Last Price,0.75,0.1235880330204963,19.714582443237305,15.0,0.1761766519708507,0.2226076168519034,4.0,11.0,0.0666315042106069,0 days 00:03:28.204712,,,,,,,,,,
42,16,0.25,medium,30,30,1,20.0,90,7,light,False,10,z-score,Last Price,0.75,0.1240549907088279,19.777544021606445,5.0,0.1639644176682601,0.3226727871613672,37.0,61.0,0.0987039745678004,0 days 00:03:40.203433,,,,,,,,,,
152,16,0.25,medium,30,30,1,20.0,90,7,light,False,10,z-score,Last Price,0.75,0.1242818012833595,19.81980323791504,9.0,0.1164190767362987,0.5963274531116504,23.0,77.0,0.0818458424134219,0 days 00:03:39.403489,,,,,,,,,,
106,12,0.25,medium,30,30,2,20.0,90,7,longrun,False,10,z-score,Last Price,0.75,0.124645359814167,19.87128639221192,4.0,0.1308533112294013,0.4405148245035544,8.0,49.0,0.1110143322884668,0 days 00:34:33.427426,,,,,,,,,,
66,16,0.25,medium,30,30,1,20.0,90,7,light,False,10,z-score,Last Price,0.75,0.1252745240926742,19.96970558166504,11.0,0.1586148704869727,0.8639343484227199,51.0,68.0,0.2715285987498632,0 days 00:03:41.033209,,,,,,,,,,
87,16,0.25,medium,30,30,1,20.0,90,7,light,False,10,z-score,Last Price,0.75,0.12651988863945,20.16147804260254,1.0,0.1725271142493487,0.2902767837048542,57.0,73.0,0.608849469826746,0 days 00:03:39.630472,,,,,,,,,,
163,16,0.25,medium,30,30,1,20.0,90,7,light,False,10,z-score,Last Price,0.75,0.1268723309040069,20.23442649841309,12.0,0.1999962026790838,0.6691554151575996,59.0,65.0,0.0552881117837975,0 days 00:03:39.234502,,,,,,,,,,
127,12,0.25,medium,30,30,2,20.0,90,7,longrun,False,10,z-score,Last Price,0.75,0.1275404840707779,20.32223892211914,11.0,0.1399052008194046,0.2505776402950754,6.0,10.0,0.0696389857154675,0 days 00:03:29.423049,,,,,,,,,,
178,12,0.25,medium,30,30,2,20.0,90,7,longrun,False,10,z-score,Last Price,0.75,0.1275550872087478,20.325063705444336,15.0,0.1074299020662112,0.1071863420141269,9.0,14.0,0.1120517822316356,0 days 00:03:31.617769,,,,,,,,,,
68,16,0.25,medium,30,30,1,20.0,90,7,light,False,10,z-score,Last Price,0.75,0.1277055889368057,20.34622573852539,10.0,0.1653885808740544,0.9661395816360278,41.0,52.0,0.1176594774313146,0 days 00:03:39.201315,,,,,,,,,,
173,12,0.25,medium,30,30,2,20.0,90,7,longrun,False,10,z-score,Last Price,0.75,0.1277990937232971,20.36202049255371,16.0,0.1176642496526924,0.2120434326185231,8.0,11.0,0.0385433934121838,0 days 00:03:32.185414,,,,,,,,,,
142,12,0.25,medium,30,30,2,20.0,90,7,longrun,False,10,z-score,Last Price,0.75,0.1286237984895706,20.48786735534668,12.0,0.2044735791323224,0.2560273075862612,8.0,25.0,0.0118968171037026,0 days 00:03:32.190310,,,,,,,,,,
28,12,0.25,medium,30,30,2,20.0,90,7,longrun,False,10,,Last Price,0.75,0.1288070529699325,20.53816795349121,13.0,0.1300251131979958,0.687934273854469,9.0,45.0,0.0188768708141349,0 days 00:03:30.889296,,,,,,,,,,
158,16,0.25,medium,30,30,1,20.0,90,7,light,False,10,z-score,Last Price,0.75,0.1288599073886871,20.51762962341309,13.0,0.1549045375341885,0.4649526462583431,45.0,52.0,0.0965912440560557,0 days 00:03:38.112711,,,,,,,,,,
114,16,0.25,medium,30,30,1,20.0,90,7,light,False,10,z-score,Last Price,0.75,0.129043310880661,20.54809761047364,12.0,0.1196434613631143,0.3098012955056523,36.0,41.0,0.503795518024115,0 days 00:03:39.933650,,,,,,,,,,
114,12,0.25,medium,30,30,2,20.0,90,7,longrun,False,10,z-score,Last Price,0.75,0.1293934136629104,20.612110137939453,14.0,0.1514961936728205,0.3813442346431575,5.0,23.0,0.0585850618192019,0 days 00:03:30.955889,,,,,,,,,,
38,12,0.25,medium,30,30,2,20.0,90,7,longrun,False,10,,Last Price,0.75,0.1297124475240707,22.0792293548584,10.0,0.2025002698030622,0.0300989180807274,6.0,36.0,0.0135464505395671,0 days 00:03:29.701181,,,,,,,,,,
59,16,0.25,medium,30,30,1,20.0,90,7,light,False,10,z-score,Last Price,0.75,0.130144789814949,20.71308326721192,7.0,0.1509441357158597,0.3499135778959459,32.0,68.0,0.7634547891761283,0 days 00:03:39.998803,,,,,,,,,,
48,12,0.25,medium,30,30,2,20.0,90,7,longrun,False,10,,Last Price,0.75,0.1304531246423721,20.77359390258789,13.0,0.1462873682059821,0.123739481298262,5.0,37.0,0.0268832323929078,0 days 00:03:30.632982,,,,,,,,,,
51,12,0.25,medium,30,30,2,20.0,90,7,longrun,False,10,,Last Price,0.75,0.1307091861963272,20.79596710205078,15.0,0.1290753797586984,0.4959911062865756,5.0,16.0,0.0332378104281895,0 days 00:22:22.394311,,,,,,,,,,
109,12,0.25,medium,30,30,2,20.0,90,7,longrun,False,10,z-score,Last Price,0.75,0.1308785080909729,20.869186401367188,11.0,0.1248784564913611,0.2720190431490328,6.0,45.0,0.0151349007782676,0 days 00:03:31.577912,,,,,,,,,,
113,16,0.25,medium,30,30,1,20.0,90,7,light,False,10,z-score,Last Price,0.75,0.1308867484331131,20.823591232299805,15.0,0.1087781390345588,0.9898892272571088,51.0,58.0,0.596710044284892,0 days 00:03:40.488119,,,,,,,,,,
60,16,0.25,medium,30,30,1,20.0,90,7,light,False,10,z-score,Last Price,0.75,0.1309340000152588,20.830305099487305,5.0,0.1720847791066759,0.6909517393518141,99.0,100.0,0.178713524420145,0 days 00:03:42.088105,,,,,,,,,,
49,12,0.25,medium,30,30,2,20.0,90,7,longrun,False,10,,Last Price,0.75,0.1311261653900146,22.299968719482425,1.0,0.1120015434639279,0.373339287148608,6.0,23.0,0.0113996032466867,0 days 00:03:29.817939,,,,,,,,,,
46,16,0.25,medium,30,30,1,20.0,90,7,light,False,10,z-score,Last Price,0.75,0.1338736414909362,21.25888442993164,3.0,0.1941724320691631,0.2614198131208242,32.0,54.0,0.5561545792155272,0 days 00:03:39.039355,,,,,,,,,,
154,12,0.25,medium,30,30,2,20.0,90,7,longrun,False,10,z-score,Last Price,0.75,0.1342815309762954,21.27719116210937,14.0,0.1053918791349514,0.4264434202542437,37.0,71.0,0.1323091392319961,0 days 00:03:34.160348,,,,,,,,,,
50,12,0.25,medium,30,30,2,20.0,90,7,longrun,False,10,,Last Price,0.75,0.1345734596252441,21.3442611694336,14.0,0.180973409779087,0.5865954181357382,4.0,64.0,0.0041769367385287,0 days 00:03:30.089246,,,,,,,,,,
91,12,0.25,medium,30,30,2,20.0,90,7,longrun,False,10,,Last Price,0.75,0.1352620273828506,21.44936180114746,16.0,0.1282629520551133,0.3985446343266499,2.0,53.0,0.0656039590454433,0 days 00:03:29.001397,,,,,,,,,,
175,16,0.25,medium,30,30,1,20.0,90,7,light,False,10,z-score,Last Price,0.75,0.1353122889995575,21.51844787597656,14.0,0.1209054263174252,0.4522086685277754,11.0,11.0,0.0389406921780888,0 days 00:03:14.550295,,,,,,,,,,
71,12,0.25,medium,30,30,2,20.0,90,7,longrun,False,10,,Last Price,0.75,0.1354177445173263,21.490463256835938,11.0,0.1179797036659061,0.2573136378266742,7.0,59.0,0.0771348450743365,0 days 00:03:31.175033,,,,,,,,,,
78,12,0.25,medium,30,30,2,20.0,90,7,longrun,False,10,,Last Price,0.75,0.1369752883911132,21.65892601013184,16.0,0.1540177856586687,0.5357074950279397,6.0,19.0,0.0514111710024977,0 days 00:03:29.504780,,,,,,,,,,
58,16,0.25,medium,30,30,1,20.0,90,7,light,False,10,z-score,Last Price,0.75,0.1375125497579574,21.741256713867188,10.0,0.1597051110440599,0.5032903651094295,39.0,80.0,0.291210154694017,0 days 00:03:40.356407,,,,,,,,,,
138,16,0.25,medium,30,30,1,20.0,90,7,light,False,10,z-score,Last Price,0.75,0.1377917975187301,21.768230438232425,8.0,0.1790291231629708,0.6563377308357906,59.0,67.0,0.2022791212483411,0 days 00:03:38.976903,,,,,,,,,,
86,16,0.25,medium,30,30,1,20.0,90,7,light,False,10,z-score,Last Price,0.75,0.1383964717388153,21.87388038635254,9.0,0.1618769352489454,0.2454537761608821,41.0,50.0,0.2211176032151689,0 days 00:03:39.619797,,,,,,,,,,
62,16,0.25,medium,30,30,1,20.0,90,7,light,False,10,z-score,Last Price,0.75,0.1399520933628082,22.072813034057617,15.0,0.1357699089825067,0.8721421313261983,33.0,43.0,0.7487095645999869,0 days 00:03:40.894397,,,,,,,,,,
157,12,0.25,medium,30,30,2,20.0,90,7,longrun,False,10,z-score,Last Price,0.75,0.1410510540008545,22.20390510559082,8.0,0.1429172307154433,0.3864020631100828,37.0,45.0,0.0135354097463507,0 days 00:03:33.730359,,,,,,,,,,
108,16,0.25,medium,30,30,1,20.0,90,7,light,False,10,z-score,Last Price,0.75,0.141175165772438,22.263595581054688,15.0,0.1599004516755516,0.5536176561509264,49.0,63.0,0.2067815541171483,0 days 00:03:41.150262,,,,,,,,,,
99,12,0.25,medium,30,30,2,20.0,90,7,longrun,False,10,,Last Price,0.75,0.1412789076566696,22.293302536010746,14.0,0.1648904626148353,0.6254479367813334,7.0,46.0,0.0429378941057609,0 days 00:03:34.624046,,,,,,,,,,
146,12,0.25,medium,30,30,2,20.0,90,7,longrun,False,10,z-score,Last Price,0.75,0.1415574997663498,22.322555541992188,12.0,0.1711201040194263,0.5019522302186664,5.0,55.0,0.0197987490096746,0 days 00:03:32.125677,,,,,,,,,,
141,12,0.25,medium,30,30,2,20.0,90,7,longrun,False,10,z-score,Last Price,0.75,0.1422431170940399,23.64428329467773,12.0,0.1886427316478489,0.2161120054362095,8.0,30.0,0.0173937604173425,0 days 00:03:31.881089,,,,,,,,,,
123,12,0.25,medium,30,30,2,20.0,90,7,longrun,False,10,z-score,Last Price,0.75,0.1427375972270965,22.46314239501953,16.0,0.1414515489459109,0.4247473403681485,2.0,18.0,0.032948115543753,0 days 00:03:28.349803,,,,,,,,,,
167,16,0.25,medium,30,30,1,20.0,90,7,light,False,10,z-score,Last Price,0.75,0.1427497714757919,22.468969345092773,12.0,0.1376029048018512,0.5123901074952276,42.0,47.0,0.077726737610185,0 days 00:03:38.613746,,,,,,,,,,
183,12,0.25,medium,30,30,2,20.0,90,7,longrun,False,10,z-score,Last Price,0.75,0.1429092586040496,22.468809127807617,15.0,0.193445452682555,0.511844107234759,7.0,10.0,0.0338725161248841,0 days 00:03:31.749130,,,,,,,,,,
67,12,0.25,medium,30,30,2,20.0,90,7,longrun,False,10,,Last Price,0.75,0.1430985778570175,22.54385566711425,8.0,0.1231587795632638,0.6842797763599369,10.0,50.0,0.0177707786835942,0 days 00:03:31.735279,,,,,,,,,,
135,12,0.25,medium,30,30,2,20.0,90,7,longrun,False,10,z-score,Last Price,0.75,0.1435640603303909,23.83142471313477,13.0,0.1446458689377469,0.1982418013244223,10.0,20.0,0.0092558445499707,0 days 00:03:31.221170,,,,,,,,,,
192,12,0.25,medium,30,30,2,20.0,90,7,longrun,False,10,z-score,Last Price,0.75,0.1436956822872162,22.575517654418945,14.0,0.157932015976472,0.1793325204246004,14.0,25.0,0.0161972188192208,0 days 00:03:32.774705,,,,,,,,,,
186,12,0.25,medium,30,30,2,20.0,90,7,longrun,False,10,z-score,Last Price,0.75,0.1452501267194748,22.779027938842773,15.0,0.184213153625989,0.3554930705533236,5.0,40.0,0.0226699831706804,0 days 00:03:31.386750,,,,,,,,,,
75,16,0.25,medium,30,30,1,20.0,90,7,light,False,10,z-score,Last Price,0.75,0.145502284169197,22.83269500732422,6.0,0.1001282970094787,0.6080508535762688,19.0,21.0,0.1687579627066469,0 days 00:03:38.771235,,,,,,,,,,
176,12,0.25,medium,30,30,2,20.0,90,7,longrun,False,10,z-score,Last Price,0.75,0.1472293883562088,23.07954216003418,14.0,0.1015854728920375,0.0739879008715077,11.0,16.0,0.0870945065182699,0 days 00:03:32.617350,,,,,,,,,,
86,12,0.25,medium,30,30,2,20.0,90,7,longrun,False,10,,Last Price,0.75,0.1479921191930771,23.161277770996094,13.0,0.1394498514667669,0.5698130806425481,10.0,74.0,0.1802500471600395,0 days 00:03:31.592578,,,,,,,,,,
62,12,0.25,medium,30,30,2,20.0,90,7,longrun,False,10,,Last Price,0.75,0.1482097655534744,23.241098403930664,5.0,0.1428444315147265,0.5735415394134777,10.0,42.0,0.0391299330898808,0 days 00:03:31.752859,,,,,,,,,,
29,12,0.25,medium,30,30,2,20.0,90,7,longrun,False,10,,Last Price,0.75,0.1483764797449112,23.22257804870605,7.0,0.1508539170569287,0.3935074223937736,16.0,38.0,0.0072173642182571,0 days 00:03:30.313117,,,,,,,,,,
11,12,0.25,medium,30,30,2,20.0,90,7,longrun,False,10,,Last Price,0.75,0.1492349803447723,23.34600067138672,11.0,0.1728213426468919,0.061192875882633,7.0,54.0,0.4587767530546024,0 days 00:26:46.750761,,,,,,,,,,
198,16,0.25,medium,30,30,1,20.0,90,7,light,False,10,z-score,Last Price,0.75,0.1501026600599289,23.5101261138916,11.0,0.1254731006282591,0.8513104831119409,46.0,52.0,0.101250551538952,0 days 00:03:36.991195,,,,,,,,,,
179,16,0.25,medium,30,30,1,20.0,90,7,light,False,10,z-score,Last Price,0.75,0.1504996567964553,24.706268310546875,12.0,0.1472502698626419,0.1777203726779594,6.0,7.0,0.048150364547783,0 days 00:03:34.071597,,,,,,,,,,
190,16,0.25,medium,30,30,1,20.0,90,7,light,False,10,z-score,Last Price,0.75,0.1506041437387466,23.529680252075195,13.0,0.1740253523753107,0.2517868350214153,18.0,18.0,0.4719068862130582,0 days 00:03:15.591055,,,,,,,,,,
18,16,0.25,medium,30,30,1,20.0,90,7,light,False,10,z-score,Last Price,0.75,0.1513078957796096,23.636550903320312,10.0,0.1944230702596432,0.4232679416231665,5.0,16.0,0.3031874651360848,0 days 00:03:34.400194,,,,,,,,,,
26,16,0.25,medium,30,30,1,20.0,90,7,light,False,10,z-score,Last Price,0.75,0.1519132256507873,23.72314453125,11.0,0.1227051327267085,0.3933053304099056,16.0,64.0,0.1840054358310203,0 days 00:03:39.777360,,,,,,,,,,
125,12,0.25,medium,30,30,2,20.0,90,7,longrun,False,10,z-score,Last Price,0.75,0.1519964039325714,23.751510620117188,16.0,0.1480753811649039,0.4861908198050335,7.0,20.0,0.0120188077238539,0 days 00:03:31.223225,,,,,,,,,,
110,16,0.25,medium,30,30,1,20.0,90,7,light,False,10,z-score,Last Price,0.75,0.152324229478836,23.89913558959961,4.0,0.1918888675899284,0.6637218493112381,60.0,78.0,0.1465769576373198,0 days 00:03:41.570983,,,,,,,,,,
78,16,0.25,medium,30,30,1,20.0,90,7,light,False,10,z-score,Last Price,0.75,0.1524213552474975,23.79340362548828,2.0,0.12857385667585,0.2693295908891697,17.0,73.0,0.0829735164155891,0 days 00:03:38.915342,,,,,,,,,,
103,16,0.25,medium,30,30,1,20.0,90,7,light,False,10,z-score,Last Price,0.75,0.152433842420578,23.78548812866211,12.0,0.1118412712044137,0.6256182305833067,46.0,56.0,0.501728213256879,0 days 00:03:38.901791,,,,,,,,,,
140,12,0.25,medium,30,30,2,20.0,90,7,longrun,False,10,z-score,Last Price,0.75,0.1524703949689865,23.77544212341309,15.0,0.1403705564854183,0.623639066769775,2.0,18.0,0.058751876586198,0 days 00:03:28.269172,,,,,,,,,,
24,12,0.25,medium,30,30,2,20.0,90,7,longrun,False,10,,Last Price,0.75,0.1529160887002945,23.96297836303711,14.0,0.1438454768472849,0.3206970698497079,9.0,98.0,0.0991892304343301,0 days 00:03:32.134492,,,,,,,,,,
60,12,0.25,medium,30,30,2,20.0,90,7,longrun,False,10,,Last Price,0.75,0.1539758443832397,24.04231643676757,16.0,0.1575225768993464,0.0477800038385997,4.0,53.0,0.0712358162582186,0 days 00:03:31.579784,,,,,,,,,,
58,12,0.25,medium,30,30,2,20.0,90,7,longrun,False,10,,Last Price,0.75,0.1544557511806488,24.040510177612305,12.0,0.1376704238596453,0.230386846001764,5.0,28.0,0.0144533291964068,0 days 00:03:31.268967,,,,,,,,,,
27,16,0.25,medium,30,30,1,20.0,90,7,light,False,10,z-score,Last Price,0.75,0.1578971594572067,24.522031784057617,11.0,0.1462626393935738,0.7868362446165772,5.0,21.0,0.4428065248668185,0 days 00:03:36.405107,,,,,,,,,,
71,16,0.25,medium,30,30,1,20.0,90,7,light,False,10,z-score,Last Price,0.75,0.158085212111473,24.57081794738769,14.0,0.1077071792772878,0.796542189258834,4.0,8.0,0.6483159400575176,0 days 00:03:34.041149,,,,,,,,,,
178,16,0.25,medium,30,30,1,20.0,90,7,light,False,10,z-score,Last Price,0.75,0.1588262617588043,24.6505126953125,14.0,0.1363990326501925,0.6508742921093519,22.0,23.0,0.4286514593097653,0 days 00:03:37.110756,,,,,,,,,,
39,12,0.25,medium,30,30,2,20.0,90,7,longrun,False,10,,Last Price,0.75,0.1592835187911987,24.649555206298828,11.0,0.1507084227505681,0.190282934651011,12.0,46.0,0.0220923864983168,0 days 00:03:34.984947,,,,,,,,,,
103,12,0.25,medium,30,30,2,20.0,90,7,longrun,False,10,z-score,Last Price,0.75,0.1610764861106872,25.18738174438477,13.0,0.1568803705172269,0.3648134227733637,9.0,69.0,0.0190651918990195,0 days 00:03:33.100684,,,,,,,,,,
45,16,0.25,medium,30,30,1,20.0,90,7,light,False,10,z-score,Last Price,0.75,0.1622937768697738,25.10725975036621,4.0,0.1468565206385023,0.4898337768673272,28.0,38.0,0.1441797691741153,0 days 00:03:38.671833,,,,,,,,,,
55,16,0.25,medium,30,30,1,20.0,90,7,light,False,10,z-score,Last Price,0.75,0.1623834669589996,25.12453269958496,7.0,0.1807511270539206,0.8547363272835877,35.0,47.0,0.2034771609427684,0 days 00:03:38.715051,,,,,,,,,,
74,12,0.25,medium,30,30,2,20.0,90,7,longrun,False,10,,Last Price,0.75,0.1637675464153289,25.341419219970703,8.0,0.1328903434227666,0.3888062787513323,8.0,39.0,0.1110042303586799,0 days 00:03:31.619954,,,,,,,,,,
124,16,0.25,medium,30,30,1,20.0,90,7,light,False,10,z-score,Last Price,0.75,0.1641802936792373,25.345617294311523,15.0,0.1400112916602348,0.635157399590876,62.0,75.0,0.0472084361675003,0 days 00:03:41.814717,,,,,,,,,,
197,12,0.25,medium,30,30,2,20.0,90,7,longrun,False,10,z-score,Last Price,0.75,0.1644559800624847,26.60175132751465,13.0,0.1456994895863517,0.2509270259033568,14.0,30.0,0.009997933139256,0 days 00:03:33.961762,,,,,,,,,,
115,16,0.25,medium,30,30,1,20.0,90,7,light,False,10,z-score,Last Price,0.75,0.164899006485939,25.470666885375977,13.0,0.1007112591157606,0.4217282249019281,29.0,31.0,0.3129743713801019,0 days 00:03:40.067854,,,,,,,,,,
117,12,0.25,medium,30,30,2,20.0,90,7,longrun,False,10,z-score,Last Price,0.75,0.164970576763153,25.481555938720703,15.0,0.1099449462786079,0.5430524659008649,9.0,51.0,0.0199885688450388,0 days 00:03:32.994642,,,,,,,,,,
183,16,0.25,medium,30,30,1,20.0,90,7,light,False,10,z-score,Last Price,0.75,0.1654237657785415,25.494604110717773,11.0,0.15871908067147,0.8743062211288605,8.0,9.0,0.0962880462197676,0 days 00:03:35.983251,,,,,,,,,,
98,12,0.25,medium,30,30,2,20.0,90,7,longrun,False,10,,Last Price,0.75,0.1659013926982879,25.53402328491211,11.0,0.1445096193117658,0.5825911874881111,6.0,40.0,0.0123399841620861,0 days 00:03:32.174657,,,,,,,,,,
105,16,0.25,medium,30,30,1,20.0,90,7,light,False,10,z-score,Last Price,0.75,0.1665429919958114,25.690868377685547,10.0,0.1036129448402674,0.901134341905062,32.0,35.0,0.3489704726075434,0 days 00:03:38.603904,,,,,,,,,,
122,16,0.25,medium,30,30,1,20.0,90,7,light,False,10,z-score,Last Price,0.75,0.1668581664562225,25.73040199279785,15.0,0.1468353923995702,0.5199119428179447,90.0,100.0,0.0955595893829572,0 days 00:03:41.570870,,,,,,,,,,
172,12,0.25,medium,30,30,2,20.0,90,7,longrun,False,10,z-score,Last Price,0.75,0.1683816760778427,25.91791534423828,16.0,0.1119553001559645,0.1501760608099522,2.0,14.0,0.0518420658746418,0 days 00:03:30.013177,,,,,,,,,,
180,12,0.25,medium,30,30,2,20.0,90,7,longrun,False,10,z-score,Last Price,0.75,0.1686906814575195,25.98961067199707,10.0,0.1398938290201067,0.1267659257926875,20.0,63.0,0.0151518326748284,0 days 00:03:33.010763,,,,,,,,,,
185,12,0.25,medium,30,30,2,20.0,90,7,longrun,False,10,z-score,Last Price,0.75,0.1693806499242782,26.016132354736328,14.0,0.1923066277201192,0.0500187162513691,2.0,19.0,0.0733946461828917,0 days 00:03:29.782281,,,,,,,,,,
85,16,0.25,medium,30,30,1,20.0,90,7,light,False,10,z-score,Last Price,0.75,0.1697014719247818,26.111549377441406,6.0,0.1215116383649455,0.557076629222169,36.0,43.0,0.3682760682230574,0 days 00:03:38.595925,,,,,,,,,,
36,12,0.25,medium,30,30,2,20.0,90,7,longrun,False,10,,Last Price,0.75,0.1698094606399536,26.17556381225586,14.0,0.1597399376576286,0.5842679980921277,12.0,65.0,0.0942532197520145,0 days 00:03:32.150074,,,,,,,,,,
164,12,0.25,medium,30,30,2,20.0,90,7,longrun,False,10,z-score,Last Price,0.75,0.1703184396028518,26.21725273132324,15.0,0.1872674562779819,0.3008073217321953,1.0,79.0,0.0111640811911627,0 days 00:03:31.000479,,,,,,,,,,
35,12,0.25,medium,30,30,2,20.0,90,7,longrun,False,10,,Last Price,0.75,0.1708458364009857,26.245189666748047,14.0,0.1413022338979253,0.8940385563589035,7.0,19.0,0.0426628549559732,0 days 00:03:30.393054,,,,,,,,,,
116,12,0.25,medium,30,30,2,20.0,90,7,longrun,False,10,z-score,Last Price,0.75,0.1709597408771515,26.29673385620117,15.0,0.1422835905223847,0.4547966511962873,4.0,80.0,0.136637669701203,0 days 00:03:31.892373,,,,,,,,,,
22,16,0.25,medium,30,30,1,20.0,90,7,light,False,10,z-score,Last Price,0.75,0.1712330132722854,26.329435348510746,14.0,0.1235941552926856,0.3656258023510744,14.0,69.0,0.165098830533645,0 days 00:03:40.183312,,,,,,,,,,
73,12,0.25,medium,30,30,2,20.0,90,7,longrun,False,10,,Last Price,0.75,0.1718319952487945,26.470611572265625,10.0,0.1406141760983402,0.1853152317246359,6.0,53.0,0.019506812027551,0 days 00:03:29.905685,,,,,,,,,,
26,12,0.25,medium,30,30,2,20.0,90,7,longrun,False,10,,Last Price,0.75,0.1726806014776229,26.53899002075196,12.0,0.153558362311793,0.3501276027730579,4.0,20.0,0.1545543746521271,0 days 00:03:29.015845,,,,,,,,,,
145,12,0.25,medium,30,30,2,20.0,90,7,longrun,False,10,z-score,Last Price,0.75,0.1731407642364502,26.6470890045166,10.0,0.1775121317294,0.4053350553375081,11.0,50.0,0.0151312092475803,0 days 00:03:33.144045,,,,,,,,,,
143,12,0.25,medium,30,30,2,20.0,90,7,longrun,False,10,z-score,Last Price,0.75,0.1743038743734359,26.7442569732666,13.0,0.1332210645848495,0.2306447558238207,6.0,42.0,0.0232233173657309,0 days 00:03:32.059099,,,,,,,,,,
19,16,0.25,medium,30,30,1,20.0,90,7,light,False,10,z-score,Last Price,0.75,0.1756709516048431,26.928449630737305,16.0,0.1231366079409482,0.1524198182619208,9.0,26.0,0.3067951982899373,0 days 00:03:38.849310,,,,,,,,,,
187,12,0.25,medium,30,30,2,20.0,90,7,longrun,False,10,z-score,Last Price,0.75,0.1764271408319473,27.02460479736328,16.0,0.1977195675028304,0.0852733047240756,66.0,75.0,0.0459967472286726,0 days 00:03:37.166860,,,,,,,,,,
177,12,0.25,medium,30,30,2,20.0,90,7,longrun,False,10,z-score,Last Price,0.75,0.177401915192604,27.17512321472168,16.0,0.1052541935346132,0.1126813402272323,7.0,18.0,0.0448726292111923,0 days 00:03:33.915009,,,,,,,,,,
53,16,0.25,medium,30,30,1,20.0,90,7,light,False,10,z-score,Last Price,0.75,0.1782689839601516,27.28359031677246,9.0,0.1897937457395241,0.6801114985961555,68.0,98.0,0.99087470500895,0 days 00:03:41.100709,,,,,,,,,,
74,16,0.25,medium,30,30,1,20.0,90,7,light,False,10,z-score,Last Price,0.75,0.178495705127716,27.314685821533203,13.0,0.1077350878450223,0.99439256847228,25.0,29.0,0.5024638984606288,0 days 00:03:38.711434,,,,,,,,,,
89,12,0.25,medium,30,30,2,20.0,90,7,longrun,False,10,,Last Price,0.75,0.1800425052642822,27.553464889526367,14.0,0.1221724602558071,0.8096492894213332,8.0,59.0,0.0104269730566802,0 days 00:03:32.290289,,,,,,,,,,
0,12,0.25,medium,30,30,2,20.0,90,7,longrun,False,10,,Last Price,0.75,0.1825485825538635,27.89979553222656,7.0,0.2030615419888745,0.0310021863608168,15.0,31.0,0.0015008774865356,0 days 00:28:55.614314,,,,,,,,,,
191,16,0.25,medium,30,30,1,20.0,90,7,light,False,10,z-score,Last Price,0.75,0.1827493906021118,27.893001556396484,10.0,0.1825569660152075,0.5235115779503452,28.0,29.0,0.5947980850278735,0 days 00:03:37.184920,,,,,,,,,,
5,16,0.25,medium,30,30,1,20.0,90,7,light,False,10,z-score,Last Price,0.75,0.1841604709625244,29.293922424316406,9.0,0.1466175712802416,0.2711278705225956,1.0,2.0,0.0059858400284404,0 days 00:03:26.293905,,,,,,,,,,
13,12,0.25,medium,30,30,2,20.0,90,7,longrun,False,10,,Last Price,0.75,0.185030847787857,28.207744598388672,9.0,0.107088382914037,0.2705010327634768,2.0,13.0,0.1938484199480249,0 days 00:03:28.500766,,,,,,,,,,
56,16,0.25,medium,30,30,1,20.0,90,7,light,False,10,z-score,Last Price,0.75,0.1853083670139312,28.27857780456543,2.0,0.1686586331261474,0.6128744419136337,44.0,58.0,0.1320202008221174,0 days 00:03:38.987785,,,,,,,,,,
28,16,0.25,medium,30,30,1,20.0,90,7,light,False,10,z-score,Last Price,0.75,0.186496689915657,28.40083885192871,13.0,0.2108856188803661,0.5116973532917668,52.0,97.0,0.020584334643179,0 days 00:03:41.761096,,,,,,,,,,
105,12,0.25,medium,30,30,2,20.0,90,7,longrun,False,10,z-score,Last Price,0.75,0.1880664378404617,28.96815299987793,10.0,0.1381013395223054,0.3149511543707473,6.0,53.0,0.0282487376076982,0 days 00:03:31.913179,,,,,,,,,,
162,16,0.25,medium,30,30,1,20.0,90,7,light,False,10,z-score,Last Price,0.75,0.1882130056619644,28.65272521972656,14.0,0.1568175612100834,0.4838972324467165,36.0,38.0,0.0429880392156327,0 days 00:03:37.863531,,,,,,,,,,
19,12,0.25,medium,30,30,2,20.0,90,7,longrun,False,10,,Last Price,0.75,0.1883554607629776,28.67874336242676,14.0,0.1363897402868898,0.5056017016525873,5.0,17.0,0.0620889588789522,0 days 00:03:29.612477,,,,,,,,,,
180,16,0.25,medium,30,30,1,20.0,90,7,light,False,10,z-score,Last Price,0.75,0.1893370300531387,28.803625106811523,14.0,0.1435515946768316,0.7483150708322251,29.0,31.0,0.0179698815633706,0 days 00:03:37.767520,,,,,,,,,,
168,12,0.25,medium,30,30,2,20.0,90,7,longrun,False,10,z-score,Last Price,0.75,0.1898050308227539,28.88243865966797,14.0,0.1539479097959097,0.3249631251829522,13.0,20.0,0.1662928083613348,0 days 00:03:31.829978,,,,,,,,,,
134,12,0.25,medium,30,30,2,20.0,90,7,longrun,False,10,z-score,Last Price,0.75,0.1898117959499359,30.0703067779541,15.0,0.1493469574782648,0.3525949122111075,7.0,16.0,0.0072548591885674,0 days 00:03:31.111502,,,,,,,,,,
94,12,0.25,medium,30,30,2,20.0,90,7,longrun,False,10,,Last Price,0.75,0.1901938617229461,28.87082290649414,13.0,0.1525090451654104,0.3550507316005547,9.0,42.0,0.022506863990504,0 days 00:03:31.852080,,,,,,,,,,
153,16,0.25,medium,30,30,1,20.0,90,7,light,False,10,z-score,Last Price,0.75,0.1907963156700134,28.98708152770996,11.0,0.1057546100785649,0.5140157539092218,48.0,53.0,0.0374417518950714,0 days 00:03:38.696518,,,,,,,,,,
181,16,0.25,medium,30,30,1,20.0,90,7,light,False,10,z-score,Last Price,0.75,0.1908542662858963,29.0223445892334,10.0,0.1058464888500801,0.5972358505504125,48.0,53.0,0.0762394321944724,0 days 00:03:38.205701,,,,,,,,,,
41,12,0.25,medium,30,30,2,20.0,90,7,longrun,False,10,,Last Price,0.75,0.1909306198358535,29.074281692504883,13.0,0.1316194900362367,0.4267797161507278,5.0,28.0,0.0505601995664279,0 days 00:03:29.848747,,,,,,,,,,
47,16,0.25,medium,30,30,1,20.0,90,7,light,False,10,z-score,Last Price,0.75,0.1914587169885635,29.143051147460938,5.0,0.1659436556955667,0.0846073793152175,44.0,78.0,0.0964435810492082,0 days 00:03:40.097368,,,,,,,,,,
57,12,0.25,medium,30,30,2,20.0,90,7,longrun,False,10,,Last Price,0.75,0.1915595978498459,29.15060806274414,16.0,0.1488966619597456,0.4302799538048809,4.0,33.0,0.056810518939076,0 days 00:03:31.652086,,,,,,,,,,
80,16,0.25,medium,30,30,1,20.0,90,7,light,False,10,z-score,Last Price,0.75,0.1922066956758499,29.195032119750977,5.0,0.1514612102029197,0.3035086385353049,81.0,88.0,0.3499458702176855,0 days 00:03:40.245732,,,,,,,,,,
59,12,0.25,medium,30,30,2,20.0,90,7,longrun,False,10,,Last Price,0.75,0.1930684447288513,29.30732154846192,14.0,0.1203558136936031,0.338736173181016,6.0,41.0,0.0095422680910895,0 days 00:03:32.202112,,,,,,,,,,
90,16,0.25,medium,30,30,1,20.0,90,7,light,False,10,z-score,Last Price,0.75,0.193203330039978,29.33264541625977,10.0,0.1832741447393835,0.6927009253546482,7.0,85.0,0.8118348480881815,0 days 00:42:32.451923,,,,,,,,,,
199,16,0.25,medium,30,30,1,20.0,90,7,light,False,10,z-score,Last Price,0.75,0.1936053335666656,29.385791778564453,11.0,0.2130159735405527,0.6793513330316228,2.0,93.0,0.1307268364883402,0 days 00:03:37.973135,,,,,,,,,,
170,16,0.25,medium,30,30,1,20.0,90,7,light,False,10,z-score,Last Price,0.75,0.1950405985116958,29.69272232055664,14.0,0.1678416235278035,0.3277793259325424,34.0,37.0,0.1200355258356379,0 days 00:03:37.836939,,,,,,,,,,
166,12,0.25,medium,30,30,2,20.0,90,7,longrun,False,10,z-score,Last Price,0.75,0.1952109485864639,30.823320388793945,15.0,0.1759410403610067,0.2674158009198432,4.0,5.0,0.0251697080069707,0 days 00:03:25.393062,,,,,,,,,,
165,12,0.25,medium,30,30,2,20.0,90,7,longrun,False,10,z-score,Last Price,0.75,0.1972138881683349,29.986967086791992,16.0,0.182056432522937,0.0133286499764422,12.0,35.0,0.0335109469734566,0 days 00:03:33.499802,,,,,,,,,,
116,16,0.25,medium,30,30,1,20.0,90,7,light,False,10,z-score,Last Price,0.75,0.1978357881307602,29.96780014038086,5.0,0.1886215307402073,0.2118854657901042,71.0,87.0,0.1856267969423791,0 days 00:03:42.151283,,,,,,,,,,
1,12,0.25,medium,30,30,2,20.0,90,7,longrun,False,10,,Last Price,0.75,0.1993578523397445,31.39766311645508,1.0,0.2657424235528151,0.0244628770436629,1.0,1.0,0.0324683818744663,0 days 00:03:19.130948,,,,,,,,,,
77,16,0.25,medium,30,30,1,20.0,90,7,light,False,10,z-score,Last Price,0.75,0.2006140351295471,30.357213973999023,4.0,0.1360345217742042,0.3310954761576275,2.0,62.0,0.2242202248138661,0 days 00:03:33.863413,,,,,,,,,,
190,12,0.25,medium,30,30,2,20.0,90,7,longrun,False,10,z-score,Last Price,0.75,0.2007879018783569,30.35799217224121,15.0,0.1210345863188406,0.2848623616874358,17.0,22.0,0.0288873634586867,0 days 00:03:34.158967,,,,,,,,,,
101,12,0.25,medium,30,30,2,20.0,90,7,longrun,False,10,z-score,Last Price,0.75,0.2016524821519851,30.462587356567383,10.0,0.1335089966401761,0.3994676407171583,4.0,57.0,0.0082462987500897,0 days 00:26:29.998743,,,,,,,,,,
129,16,0.25,medium,30,30,1,20.0,90,7,light,False,10,z-score,Last Price,0.75,0.2040106505155563,30.813594818115234,15.0,0.1254158795543029,0.7560964520346172,78.0,87.0,0.0902776971980948,0 days 00:03:40.504473,,,,,,,,,,
151,12,0.25,medium,30,30,2,20.0,90,7,longrun,False,10,z-score,Last Price,0.75,0.2042000293731689,32.07197952270508,14.0,0.1955655458949417,0.3408353393827596,58.0,80.0,0.1081599167485473,0 days 00:03:34.520438,,,,,,,,,,
158,12,0.25,medium,30,30,2,20.0,90,7,longrun,False,10,z-score,Last Price,0.75,0.2054835855960846,31.032516479492188,15.0,0.2170263383648869,0.242707107870132,6.0,8.0,0.0211870818881158,0 days 00:22:24.620969,,,,,,,,,,
160,16,0.25,medium,30,30,1,20.0,90,7,light,False,10,z-score,Last Price,0.75,0.2061731517314911,31.12588119506836,14.0,0.1517976059698596,0.4230844786812374,39.0,43.0,0.0813968570192872,0 days 00:03:37.627025,,,,,,,,,,
87,12,0.25,medium,30,30,2,20.0,90,7,longrun,False,10,,Last Price,0.75,0.2063873559236526,31.154277801513672,14.0,0.1443876645734168,0.6430069034710469,2.0,85.0,0.0595573294621127,0 days 00:03:31.757678,,,,,,,,,,
17,16,0.25,medium,30,30,1,20.0,90,7,light,False,10,z-score,Last Price,0.75,0.2070910930633545,31.2542724609375,3.0,0.1989948223242441,0.4456190672109941,8.0,99.0,0.9593644936611188,0 days 00:03:40.391821,,,,,,,,,,
14,12,0.25,medium,30,30,2,20.0,90,7,longrun,False,10,,Last Price,0.75,0.2093047648668289,32.78783416748047,13.0,0.23364339923755,0.0557674836501361,1.0,5.0,0.0347277284640528,0 days 00:03:25.336269,,,,,,,,,,
123,16,0.25,medium,30,30,1,20.0,90,7,light,False,10,z-score,Last Price,0.75,0.209520548582077,31.67591667175293,14.0,0.1543272853127045,0.5651520088806288,71.0,91.0,0.1174429520096479,0 days 00:03:42.470625,,,,,,,,,,
115,12,0.25,medium,30,30,2,20.0,90,7,longrun,False,10,z-score,Last Price,0.75,0.2102236896753311,31.71690368652344,16.0,0.1314281736889573,0.6786524778349424,6.0,33.0,0.0281000855512402,0 days 00:03:31.940981,,,,,,,,,,
181,12,0.25,medium,30,30,2,20.0,90,7,longrun,False,10,z-score,Last Price,0.75,0.2106298208236694,31.749731063842773,16.0,0.135233806406269,0.0999727003225163,12.0,24.0,0.0392046613613908,0 days 00:03:32.472677,,,,,,,,,,
139,12,0.25,medium,30,30,2,20.0,90,7,longrun,False,10,z-score,Last Price,0.75,0.2115384042263031,31.790821075439453,14.0,0.1675589545844021,0.1366419616252917,9.0,34.0,0.081516589750631,0 days 00:03:32.349507,,,,,,,,,,
196,12,0.25,medium,30,30,2,20.0,90,7,longrun,False,10,z-score,Last Price,0.75,0.2136464416980743,32.22111511230469,13.0,0.1422074133615845,0.2644930322907228,15.0,32.0,0.0081960679234459,0 days 00:03:33.202899,,,,,,,,,,
70,16,0.25,medium,30,30,1,20.0,90,7,light,False,10,z-score,Last Price,0.75,0.2141879200935363,33.46547317504883,12.0,0.1546496910425662,0.7187525395263286,74.0,87.0,0.8022768869097825,0 days 00:03:41.064695,,,,,,,,,,
40,12,0.25,medium,30,30,2,20.0,90,7,longrun,False,10,,Last Price,0.75,0.2149422913789749,32.35924530029297,8.0,0.1728245016045564,0.8866927425542102,15.0,68.0,0.0092600595360543,0 days 00:03:35.683098,,,,,,,,,,
25,16,0.25,medium,30,30,1,20.0,90,7,light,False,10,z-score,Last Price,0.75,0.215068906545639,32.35795974731445,14.0,0.1897193141543661,0.2248274512914886,8.0,35.0,0.0641054606446906,0 days 00:03:38.325342,,,,,,,,,,
167,12,0.25,medium,30,30,2,20.0,90,7,longrun,False,10,z-score,Last Price,0.75,0.2151273936033249,32.37268829345703,6.0,0.1486108098375383,0.0284031880044905,18.0,51.0,0.0200625810477241,0 days 00:03:33.704009,,,,,,,,,,
45,12,0.25,medium,30,30,2,20.0,90,7,longrun,False,10,,Last Price,0.75,0.2162460088729858,32.54963684082031,12.0,0.1114479040521989,0.2779095122060102,7.0,50.0,0.0115627890611679,0 days 00:03:32.519767,,,,,,,,,,
156,16,0.25,medium,30,30,1,20.0,90,7,light,False,10,z-score,Last Price,0.75,0.216899573802948,32.63956069946289,13.0,0.1736084699613459,0.6340091792530764,39.0,43.0,0.0628919557647132,0 days 00:03:38.478057,,,,,,,,,,
5,12,0.25,medium,30,30,2,20.0,90,7,longrun,False,10,,Last Price,0.75,0.2180311381816864,32.777687072753906,2.0,0.2364133082299008,0.012449196622189,1.0,29.0,0.1294395947838092,0 days 00:03:27.113028,,,,,,,,,,
66,12,0.25,medium,30,30,2,20.0,90,7,longrun,False,10,,Last Price,0.75,0.2181350737810135,32.78533935546875,2.0,0.1147031475206399,0.4518298570508819,5.0,33.0,0.1345490178389905,0 days 00:03:29.028278,,,,,,,,,,
79,16,0.25,medium,30,30,1,20.0,90,7,light,False,10,z-score,Last Price,0.75,0.2184116393327713,32.82823944091797,3.0,0.1429023429363171,0.4713540932993973,40.0,49.0,0.2991590336658031,0 days 00:03:38.912144,,,,,,,,,,
32,12,0.25,medium,30,30,2,20.0,90,7,longrun,False,10,,Last Price,0.75,0.22030770778656,34.30841445922852,16.0,0.1175099258912247,0.0974114076485728,3.0,9.0,0.0385218655557871,0 days 00:03:27.185702,,,,,,,,,,
21,12,0.25,medium,30,30,2,20.0,90,7,longrun,False,10,,Last Price,0.75,0.2212124764919281,34.42755508422852,16.0,0.1034880908395201,0.1905740491906007,3.0,6.0,0.0328923118780961,0 days 00:03:25.056990,,,,,,,,,,
21,16,0.25,medium,30,30,1,20.0,90,7,light,False,10,z-score,Last Price,0.75,0.2214565873146057,33.2896842956543,11.0,0.1543122780226934,0.6394416588618117,73.0,92.0,0.0315519881784371,0 days 00:03:41.081414,,,,,,,,,,
152,12,0.25,medium,30,30,2,20.0,90,7,longrun,False,10,z-score,Last Price,0.75,0.2216853648424148,33.29441833496094,14.0,0.21201248617315,0.3122761847663498,20.0,68.0,0.0660286283862748,0 days 00:03:34.086986,,,,,,,,,,
132,12,0.25,medium,30,30,2,20.0,90,7,longrun,False,10,z-score,Last Price,0.75,0.2225756347179412,33.4262580871582,13.0,0.1549326863063539,0.2239808646970714,17.0,44.0,0.0175997047267368,0 days 00:03:32.987821,,,,,,,,,,
69,12,0.25,medium,30,30,2,20.0,90,7,longrun,False,10,,Last Price,0.75,0.2228612452745437,33.455902099609375,11.0,0.1059152638615423,0.2089980450818816,3.0,72.0,0.0480405391017552,0 days 00:03:29.648529,,,,,,,,,,
189,12,0.25,medium,30,30,2,20.0,90,7,longrun,False,10,z-score,Last Price,0.75,0.2241310477256775,33.61614227294922,11.0,0.2009311158913332,0.465174777238774,29.0,90.0,0.0128122151807355,0 days 00:03:36.168112,,,,,,,,,,
46,12,0.25,medium,30,30,2,20.0,90,7,longrun,False,10,,Last Price,0.75,0.225277841091156,33.8075065612793,10.0,0.2081111451315944,0.3735213673643718,8.0,57.0,0.0066960904058371,0 days 00:03:33.041598,,,,,,,,,,
120,12,0.25,medium,30,30,2,20.0,90,7,longrun,False,10,z-score,Last Price,0.75,0.2257303446531295,33.89134216308594,14.0,0.1210802671662711,0.2521196395421346,7.0,70.0,0.0103334696313983,0 days 00:03:32.609634,,,,,,,,,,
83,16,0.25,medium,30,30,1,20.0,90,7,light,False,10,z-score,Last Price,0.75,0.2261009812355041,33.90657043457031,4.0,0.1103148075701953,0.6527873837990744,1.0,91.0,0.7502757383616382,0 days 00:03:38.138907,,,,,,,,,,
129,12,0.25,medium,30,30,2,20.0,90,7,longrun,False,10,z-score,Last Price,0.75,0.2270407527685165,34.05805969238281,2.0,0.1450388737695412,0.539369406652297,8.0,38.0,0.0350755976411041,0 days 00:03:32.268076,,,,,,,,,,
24,16,0.25,medium,30,30,1,20.0,90,7,light,False,10,z-score,Last Price,0.75,0.2271711975336074,34.056522369384766,7.0,0.1003527005522058,0.620410579953445,44.0,62.0,0.975926249788437,0 days 00:03:40.142970,,,,,,,,,,
128,16,0.25,medium,30,30,1,20.0,90,7,light,False,10,z-score,Last Price,0.75,0.2279604971408844,34.18892288208008,14.0,0.1689299209641694,0.4781370508582133,95.0,100.0,0.0697670992722663,0 days 00:03:40.229502,,,,,,,,,,
128,12,0.25,medium,30,30,2,20.0,90,7,longrun,False,10,z-score,Last Price,0.75,0.2279746234416961,34.20144271850586,16.0,0.1245249999668107,0.3871275852654829,6.0,24.0,0.0488914127901477,0 days 00:03:30.800190,,,,,,,,,,
4,12,0.25,medium,30,30,2,20.0,90,7,longrun,False,10,,Last Price,0.75,0.2284394651651382,34.297367095947266,14.0,0.1460129562970802,0.1434787671400886,1.0,32.0,0.0907308729652328,0 days 00:03:26.631223,,,,,,,,,,
130,16,0.25,medium,30,30,1,20.0,90,7,light,False,10,z-score,Last Price,0.75,0.2288623750209808,34.28696060180664,14.0,0.2068903146193843,0.6760433576094486,55.0,78.0,0.1130135004971237,0 days 00:03:39.952202,,,,,,,,,,
161,16,0.25,medium,30,30,1,20.0,90,7,light,False,10,z-score,Last Price,0.75,0.229689285159111,34.45091247558594,12.0,0.1460677844040706,0.5808422228609489,49.0,56.0,0.0456614538492463,0 days 00:03:37.979072,,,,,,,,,,
110,12,0.25,medium,30,30,2,20.0,90,7,longrun,False,10,z-score,Last Price,0.75,0.2298108637332916,34.4686279296875,9.0,0.145090079299426,0.4122433865104104,8.0,60.0,0.0230326745543946,0 days 00:03:32.787729,,,,,,,,,,
47,12,0.25,medium,30,30,2,20.0,90,7,longrun,False,10,,Last Price,0.75,0.232548102736473,34.86576843261719,11.0,0.1231311716023469,0.3019788843498565,21.0,80.0,0.0031983079827163,0 days 00:03:34.473695,,,,,,,,,,
104,12,0.25,medium,30,30,2,20.0,90,7,longrun,False,10,z-score,Last Price,0.75,0.2341232895851135,35.046722412109375,14.0,0.1484736123807396,0.5388409146854442,7.0,35.0,0.0517728458129179,0 days 00:03:33.030528,,,,,,,,,,
108,12,0.25,medium,30,30,2,20.0,90,7,longrun,False,10,z-score,Last Price,0.75,0.2346860319375991,35.10840606689453,13.0,0.1595807724290591,0.616806141390267,7.0,65.0,0.0436239263477736,0 days 00:03:33.732964,,,,,,,,,,
164,16,0.25,medium,30,30,1,20.0,90,7,light,False,10,z-score,Last Price,0.75,0.2350162863731384,35.154422760009766,13.0,0.1623416114337893,0.358903657900076,53.0,59.0,0.0550988066793397,0 days 00:03:39.143937,,,,,,,,,,
153,12,0.25,medium,30,30,2,20.0,90,7,longrun,False,10,z-score,Last Price,0.75,0.2357732504606247,35.29933166503906,15.0,0.2257777447347778,0.274561985816773,10.0,60.0,0.091557881284792,0 days 00:03:33.167742,,,,,,,,,,
136,16,0.25,medium,30,30,1,20.0,90,7,light,False,10,z-score,Last Price,0.75,0.2360398769378662,35.30069732666016,9.0,0.1599479998271828,0.2721880602248964,69.0,84.0,0.3167908166702203,0 days 00:03:39.662909,,,,,,,,,,
97,12,0.25,medium,30,30,2,20.0,90,7,longrun,False,10,,Last Price,0.75,0.2386333048343658,35.66668701171875,12.0,0.1479629388214283,0.7487791184762526,5.0,35.0,0.0309963723380512,0 days 00:03:31.283828,,,,,,,,,,
102,12,0.25,medium,30,30,2,20.0,90,7,longrun,False,10,z-score,Last Price,0.75,0.2402437031269073,35.88375473022461,15.0,0.1418998846404526,0.4706103005965431,3.0,30.0,0.034454589638297,0 days 00:03:29.166322,,,,,,,,,,
189,16,0.25,medium,30,30,1,20.0,90,7,light,False,10,z-score,Last Price,0.75,0.2403529286384582,35.90851211547852,14.0,0.1799415493477436,0.4445754474753455,25.0,26.0,0.5151235277388256,0 days 00:03:37.471316,,,,,,,,,,
70,12,0.25,medium,30,30,2,20.0,90,7,longrun,False,10,,Last Price,0.75,0.2413113117218017,36.11293029785156,10.0,0.1110871073321499,0.2933685048648262,9.0,90.0,0.0282338295803412,0 days 00:03:32.101241,,,,,,,,,,
118,12,0.25,medium,30,30,2,20.0,90,7,longrun,False,10,z-score,Last Price,0.75,0.2485780566930771,37.248497009277344,1.0,0.116692177332558,0.3068278979778912,3.0,91.0,0.0428053270058614,0 days 00:03:31.765572,,,,,,,,,,
112,12,0.25,medium,30,30,2,20.0,90,7,longrun,False,10,z-score,Last Price,0.75,0.2491346597671508,37.14127349853516,16.0,0.1269800217185281,0.3331549481036686,4.0,17.0,0.0369114103077338,0 days 00:24:16.242581,,,,,,,,,,
49,16,0.25,medium,30,30,1,20.0,90,7,light,False,10,z-score,Last Price,0.75,0.2519179284572601,37.57388305664063,6.0,0.1766565201283808,0.4388665143487708,36.0,59.0,0.0520261993718361,0 days 00:03:39.376610,,,,,,,,,,
43,12,0.25,medium,30,30,2,20.0,90,7,longrun,False,10,,Last Price,0.75,0.2521233856678009,37.5986442565918,15.0,0.1429615706640701,0.7289815256390544,10.0,77.0,0.023645771947594,0 days 00:03:34.947782,,,,,,,,,,
161,12,0.25,medium,30,30,2,20.0,90,7,longrun,False,10,z-score,Last Price,0.75,0.2531213462352752,38.94011306762695,16.0,0.243424632526682,0.4723649440361425,1.0,5.0,0.025803486174146,0 days 00:03:25.180879,,,,,,,,,,
7,12,0.25,medium,30,30,2,20.0,90,7,longrun,False,10,,Last Price,0.75,0.2539277076721191,39.06150436401367,6.0,0.293898365712718,0.1283049347132313,1.0,3.0,0.0049938388726341,0 days 00:03:22.953051,,,,,,,,,,
160,12,0.25,medium,30,30,2,20.0,90,7,longrun,False,10,z-score,Last Price,0.75,0.2571820914745331,38.30542755126953,13.0,0.1328974725561709,0.5655224073810294,27.0,40.0,0.0582572675773213,0 days 00:03:34.036485,,,,,,,,,,
193,12,0.25,medium,30,30,2,20.0,90,7,longrun,False,10,z-score,Last Price,0.75,0.2591824531555176,39.7419548034668,14.0,0.150017118922398,0.2246327745263499,8.0,9.0,0.0062578287640222,0 days 00:03:32.108456,,,,,,,,,,
159,12,0.25,medium,30,30,2,20.0,90,7,longrun,False,10,z-score,Last Price,0.75,0.2592968344688415,38.55583572387695,9.0,0.1649516949471491,0.0238356729490649,41.0,56.0,0.0311743371260577,0 days 00:03:33.892506,,,,,,,,,,
65,12,0.25,medium,30,30,2,20.0,90,7,longrun,False,10,,Last Price,0.75,0.2623899579048157,39.01371765136719,5.0,0.151041741079187,0.373339742986237,8.0,85.0,0.0292698312490948,0 days 00:03:32.642805,,,,,,,,,,
29,16,0.25,medium,30,30,1,20.0,90,7,light,False,10,z-score,Last Price,0.75,0.265439361333847,39.43244552612305,13.0,0.1682647649915419,0.7362528025228444,11.0,42.0,0.0733423312645647,0 days 00:03:38.810251,,,,,,,,,,
39,16,0.25,medium,30,30,1,20.0,90,7,light,False,10,z-score,Last Price,0.75,0.266122430562973,39.53548049926758,1.0,0.2047645941437576,0.2787791391773815,77.0,80.0,0.0109055261924225,0 days 00:03:40.424086,,,,,,,,,,
93,16,0.25,medium,30,30,1,20.0,90,7,light,False,10,z-score,Last Price,0.75,0.266776442527771,39.637657165527344,14.0,0.1280958279843921,0.5344090841391622,66.0,76.0,0.5241534656126658,0 days 00:03:39.708722,,,,,,,,,,
159,16,0.25,medium,30,30,1,20.0,90,7,light,False,10,z-score,Last Price,0.75,0.2708263695240021,40.21163940429688,13.0,0.1641227145179738,0.547359276659945,43.0,48.0,0.1396081962075355,0 days 00:03:37.527778,,,,,,,,,,
100,12,0.25,medium,30,30,2,20.0,90,7,longrun,False,10,z-score,Last Price,0.75,0.2714625597000122,40.30502700805664,12.0,0.1536556963298314,0.5215154275037577,5.0,26.0,0.0252778048550227,0 days 00:22:51.150960,,,,,,,,,,
1,16,0.25,medium,30,30,1,20.0,90,7,light,False,10,z-score,Last Price,0.75,0.2756535410881042,42.23667526245117,6.0,0.2218054307714615,0.3161291907440412,26.0,38.0,0.0001090027781893,0 days 00:13:53.321121,,,,,,,,,,
172,16,0.25,medium,30,30,1,20.0,90,7,light,False,10,z-score,Last Price,0.75,0.277940571308136,41.24646759033203,15.0,0.1929210846898694,0.4915081976004402,39.0,42.0,0.0594201042274904,0 days 00:03:38.184481,,,,,,,,,,
8,16,0.25,medium,30,30,1,20.0,90,7,light,False,10,z-score,Last Price,0.75,0.2783286571502685,41.28343963623047,2.0,0.2963392634883295,0.0288075700000967,24.0,51.0,0.1255933725722439,0 days 00:03:38.252402,,,,,,,,,,
144,12,0.25,medium,30,30,2,20.0,90,7,longrun,False,10,z-score,Last Price,0.75,0.2828381955623626,41.915977478027344,11.0,0.1572116391876014,0.2845110524651746,7.0,37.0,0.0391547170584484,0 days 00:03:31.518283,,,,,,,,,,
76,12,0.25,medium,30,30,2,20.0,90,7,longrun,False,10,,Last Price,0.75,0.286956250667572,42.48881912231445,6.0,0.1006907370606798,0.2698797815495045,15.0,74.0,0.0365997878302778,0 days 00:03:32.138609,,,,,,,,,,
0,16,0.25,medium,30,30,2,,90,7,auto,False,10,z-score,Last Price,0.75,0.2901958525180816,44.21847915649414,,,,,,,0 days 05:44:19.019618,C:\Users\roman\Desktop\Bot\config_history\lstm_layers_2\auto\model_ckpts\val_loss=0.053-epoch=15.ckpt,8259.0,30.0,100.0,0.1180605366826057,0.1180605366826057,0.1177035272121429,43.109825134277344,0.3411847949028015,0.2901958525180816
182,12,0.25,medium,30,30,2,20.0,90,7,longrun,False,10,z-score,Last Price,0.75,0.2933924496173858,43.43433380126953,16.0,0.208453897696312,0.1389345359527305,3.0,46.0,0.0273856804468514,0 days 00:03:31.521875,,,,,,,,,,
126,12,0.25,medium,30,30,2,20.0,90,7,longrun,False,10,z-score,Last Price,0.75,0.2956251800060272,43.732852935791016,15.0,0.1312131354495093,0.286107291439467,4.0,58.0,0.0240647561355552,0 days 00:03:30.733738,,,,,,,,,,
20,12,0.25,medium,30,30,2,20.0,90,7,longrun,False,10,,Last Price,0.75,0.2976463437080383,45.23348617553711,13.0,0.1192582164323833,0.4810845004608444,3.0,8.0,0.0123099933596486,0 days 00:03:26.842137,,,,,,,,,,
107,12,0.25,medium,30,30,2,20.0,90,7,longrun,False,10,z-score,Last Price,0.75,0.3138963282108307,46.36463928222656,15.0,0.1209409720115226,0.7624434101282832,11.0,76.0,0.0668016990436355,0 days 00:03:34.501093,,,,,,,,,,
126,16,0.25,medium,30,30,1,20.0,90,7,light,False,10,z-score,Last Price,0.75,0.3140466511249542,46.36598205566406,13.0,0.1505503232286935,0.5760867870658409,59.0,68.0,0.0291982789892877,0 days 00:03:38.837369,,,,,,,,,,
77,12,0.25,medium,30,30,2,20.0,90,7,longrun,False,10,,Last Price,0.75,0.3266227841377258,48.185428619384766,13.0,0.124194019525518,0.2355687371550366,13.0,100.0,0.0201612843486016,0 days 00:03:31.479879,,,,,,,,,,
14,16,0.25,medium,30,30,1,20.0,90,7,light,False,10,z-score,Last Price,0.75,0.3268926739692688,49.4673080444336,14.0,0.1707535601915249,0.5654060069576682,1.0,5.0,0.036425692737683,0 days 00:03:29.060008,,,,,,,,,,
95,12,0.25,medium,30,30,2,20.0,90,7,longrun,False,10,,Last Price,0.75,0.3284338712692261,48.45296478271485,14.0,0.1624889343600976,0.6656650248107409,4.0,67.0,0.0170003078923423,0 days 00:03:30.343155,,,,,,,,,,
169,12,0.25,medium,30,30,2,20.0,90,7,longrun,False,10,z-score,Last Price,0.75,0.3285360932350158,49.70363998413086,3.0,0.1233269536967514,0.0353140244759531,3.0,7.0,0.0077963973852774,0 days 00:03:30.812656,,,,,,,,,,
1,16,0.25,medium,30,30,1,,90,7,auto,False,10,z-score,Last Price,0.75,0.3290934860706329,49.7316780090332,,,,,,,0 days 02:35:31.432800,C:\Users\roman\Desktop\Bot\config_history\lstm_layers_2\auto\model_ckpts\val_loss=0.280-epoch=01.ckpt,8259.0,30.0,100.0,0.0343789979815483,0.0343789979815483,0.0423503443598747,48.77571487426758,0.3955104351043701,0.3290934860706329
22,12,0.25,medium,30,30,2,20.0,90,7,longrun,False,10,,Last Price,0.75,0.3298181295394897,49.88946914672852,16.0,0.1359785852137963,0.4590800109604709,2.0,6.0,0.0580370570028388,0 days 00:03:25.662934,,,,,,,,,,
88,16,0.25,medium,30,30,1,20.0,90,7,light,False,10,z-score,Last Price,0.75,0.3428668677806854,50.50349044799805,13.0,0.1789430549560016,0.4694234704933041,86.0,98.0,0.9906757973290518,0 days 00:03:42.093869,,,,,,,,,,
137,12,0.25,medium,30,30,2,20.0,90,7,longrun,False,10,z-score,Last Price,0.75,0.3437247276306152,50.63352966308594,14.0,0.1186910218292204,0.446437268034025,4.0,48.0,0.0300544633695944,0 days 00:03:30.338073,,,,,,,,,,
177,16,0.25,medium,30,30,1,20.0,90,7,light,False,10,z-score,Last Price,0.75,0.3566792905330658,53.72734451293945,15.0,0.1286523935607912,0.5394833560577802,4.0,4.0,0.035835515241655,0 days 00:03:14.908089,,,,,,,,,,
148,12,0.25,medium,30,30,2,20.0,90,7,longrun,False,10,z-score,Last Price,0.75,0.3793721497058868,55.76597213745117,13.0,0.1286944161795147,0.0777254783481748,9.0,27.0,0.0098935436476335,0 days 00:22:53.240692,,,,,,,,,,
1,16,0.25,medium,30,30,1,,90,7,auto,False,10,z-score,Last Price,0.75,0.3816416561603546,57.47804260253906,,,,,,,0 days 02:46:06.577601,C:\Users\roman\Desktop\Bot\config_history\lstm_layers_2\auto\model_ckpts\val_loss=0.328-epoch=00.ckpt,8259.0,30.0,100.0,0.039125844836235,0.039125844836235,0.0377627946436405,56.52423477172852,0.4735875427722931,0.3816416561603546
1,16,0.25,medium,30,30,1,,90,7,auto,False,10,z-score,Last Price,0.75,0.4015178382396698,60.22261428833008,,,,,,,0 days 02:36:09.156234,C:\Users\roman\Desktop\Bot\config_history\lstm_layers_2\auto\model_ckpts\val_loss=0.350-epoch=01.ckpt,8259.0,30.0,100.0,0.0743106678128242,0.0743106678128242,0.0590378753840923,59.40340042114258,0.5039147138595581,0.4015178382396698
7,16,0.25,medium,30,30,1,20.0,90,7,light,False,10,z-score,Last Price,0.75,0.4048674404621124,60.69427490234375,15.0,0.2488941045882801,0.0445950879459525,1.0,2.0,0.1125581115043657,0 days 00:03:26.161941,,,,,,,,,,
4,16,0.25,medium,30,30,1,20.0,90,7,light,False,10,z-score,Last Price,0.75,0.4627766907215118,69.0692138671875,7.0,0.140304768712407,0.5034766285548194,3.0,3.0,0.0024308928677519,0 days 00:03:16.432100,,,,,,,,,,
42,12,0.25,medium,30,30,2,20.0,90,7,longrun,False,10,,Last Price,0.75,0.4773295819759369,71.13731384277344,15.0,0.1552732960828333,0.5196082876375605,6.0,32.0,0.0053180072001825,0 days 00:03:31.690901,,,,,,,,,,
3,16,0.25,medium,30,30,1,20.0,90,7,light,False,10,z-score,Last Price,0.75,0.4965485334396362,73.96516418457031,9.0,0.1745671110695204,0.0140534498130143,2.0,44.0,0.0021325853276372,0 days 00:03:33.428565,,,,,,,,,,
9,12,0.25,medium,30,30,2,20.0,90,7,longrun,False,10,,Last Price,0.75,0.5055686831474304,75.28780364990234,15.0,0.2673205162764015,0.7238777464447388,3.0,10.0,0.0020957117104192,0 days 00:03:27.522091,,,,,,,,,,
6,12,0.25,medium,30,30,2,20.0,90,7,longrun,False,10,,Last Price,0.75,0.5470131635665894,81.29141235351562,11.0,0.1205657402720335,0.0191124904670297,2.0,2.0,0.0040066689046436,0 days 00:03:17.406480,,,,,,,,,,
6,16,0.25,medium,30,30,1,20.0,90,7,light,False,10,z-score,Last Price,0.75,0.6442067623138428,95.42616271972656,9.0,0.2428310530989572,0.0229491759883756,2.0,2.0,0.0001497188404631,0 days 00:03:19.157531,,,,,,,,,,
10,12,0.25,medium,30,30,2,20.0,90,7,longrun,False,10,,Last Price,0.75,0.6549279689788818,96.9097671508789,16.0,0.2169934524026829,0.0101399119835604,3.0,8.0,0.0001808052736602,0 days 00:03:27.243926,,,,,,,,,,
9,16,0.25,medium,30,30,1,20.0,90,7,light,False,10,z-score,Last Price,0.75,0.6879151463508606,101.79009246826172,16.0,0.1331905071462498,0.2345074716905349,3.0,5.0,0.0002731846938206,0 days 00:03:30.518217,,,,,,,,,,
2,16,0.25,medium,30,30,1,20.0,90,7,light,False,10,z-score,Last Price,0.75,0.714867889881134,105.71733856201172,6.0,0.1747465290878717,0.1007624489191941,1.0,1.0,0.2357361343383065,0 days 00:03:20.199522,,,,,,,,,,
184,12,0.25,medium,30,30,2,20.0,90,7,longrun,False,10,z-score,Last Price,0.75,0.735895037651062,108.6989974975586,16.0,0.1441496343036005,0.4291846601479995,4.0,4.0,0.0187636892914345,0 days 00:03:18.534439,,,,,,,,,,
2,12,0.25,medium,30,30,2,20.0,90,7,longrun,False,10,,Last Price,0.75,0.7801513671875,115.23320770263672,6.0,0.1563501279271047,0.9485226778454529,1.0,2.0,0.0125761211003565,0 days 00:03:22.195721,,,,,,,,,,
2,16,0.25,medium,30,30,1,,90,7,auto_pct,True,10,z-score,Last Price (%),0.75,1.1669996976852417,0.8576865196228027,,,,,,,0 days 00:47:22.368428,C:\Users\roman\Desktop\Bot\config_history\lstm_layers_1\auto\model_ckpts\val_loss=0.800-epoch=00.ckpt,8259.0,30.0,100.0,0.9451219439506532,0.9451219439506532,0.9178325533866882,0.579962432384491,1.9117069244384768,1.1669996976852417
0,12,0.25,medium,30,30,1,,90,7,auto,False,10,z-score,close,0.75,1.7371195554733276,0.8545758724212646,,,,,,,0 days 01:36:52.218353,C:\Users\roman\Desktop\Bot\config_history\lstm_layers_2\auto_new_dataset\model_ckpts\val_loss=1.110-epoch=00.ckpt,20075.0,30.0,200.0,4.553297519683838,4.553297519683838,1.4929152727127075,0.422690212726593,0.956720769405365,1.7371195554733276
